vertices,,,
657,0,530,
657,0,464,
591,0,464,
524,0,597,
591,0,597,
524,0,530,
591,0,597,
591,0,530,
524,0,530,
524,0,530,
591,0,530,
524,0,464,
591,0,530,
591,0,464,
524,0,464,
657,0,597,
657,0,530,
591,0,530,
591,0,597,
657,0,597,
591,0,530,
591,0,530,
657,0,530,
591,0,464,
793,435,454,
793,281,454,
793,435,607,
793,281,454,
793,281,607,
793,435,607,
151,191,275,
152,191,278,
152,166,278,
151,166,275,
151,191,275,
152,166,278,
151,166,275,
151,166,123,
151,191,123,
151,191,275,
151,166,275,
151,191,123,
156,63,142,
388,89,142,
156,89,142,
388,63,142,
388,89,142,
156,63,142,
415,63,169,
388,89,142,
388,63,142,
415,89,169,
388,89,142,
415,63,169,
156,63,920,
156,89,920,
388,89,920,
478,44,232,
415,89,169,
478,19,232,
478,19,232,
415,89,169,
415,63,169,
479,44,829,
479,19,829,
415,89,893,
479,19,829,
415,63,893,
415,89,893,
415,89,893,
415,63,893,
388,89,920,
415,63,893,
388,63,920,
388,89,920,
304,166,430,
304,140,430,
216,166,342,
388,63,920,
156,63,920,
388,89,920,
101,191,74,
151,191,123,
151,166,123,
101,166,74,
101,191,74,
151,166,123,
216,140,342,
152,166,278,
152,191,278,
216,166,342,
216,140,342,
152,191,278,
304,140,430,
216,140,342,
216,166,342,
304,140,582,
304,166,631,
304,140,631,
304,140,479,
304,140,430,
304,166,430,
304,166,479,
304,140,479,
304,166,430,
151,166,785,
151,140,785,
304,166,631,
151,140,785,
304,140,631,
304,166,631,
151,140,938,
151,140,785,
151,166,785,
151,166,938,
151,140,938,
151,166,785,
101,140,988,
151,140,938,
151,166,938,
101,166,988,
101,140,988,
151,166,938,
304,166,582,
304,166,631,
304,140,582,
795,12,402,
795,140,402,
411,140,19,
155,63,19,
155,140,19,
104,140,70,
104,63,70,
155,63,19,
104,140,70,
335,127,19,
155,140,19,
155,63,19,
335,63,19,
335,127,19,
155,63,19,
373,127,19,
411,140,19,
335,127,19,
411,140,19,
155,140,19,
335,127,19,
373,63,19,
411,63,19,
373,127,19,
411,63,19,
411,140,19,
373,127,19,
796,140,590,
796,115,607,
796,140,658,
411,12,19,
795,12,402,
411,140,19,
412,12,1043,
412,140,1043,
796,140,658,
796,12,658,
412,12,1043,
796,140,658,
795,12,454,
795,115,454,
795,12,402,
795,115,454,
795,140,402,
795,12,402,
795,140,471,
795,140,402,
795,115,454,
105,63,991,
105,140,991,
156,140,1043,
796,115,607,
796,12,658,
796,140,658,
796,12,607,
796,12,658,
796,115,607,
233,127,1043,
412,140,1043,
412,63,1043,
233,63,1043,
233,127,1043,
412,63,1043,
194,127,1043,
156,140,1043,
233,127,1043,
156,140,1043,
412,140,1043,
233,127,1043,
156,63,1043,
156,140,1043,
194,127,1043,
156,63,1043,
105,63,991,
156,140,1043,
194,63,1043,
156,63,1043,
194,127,1043,
156,140,403,
156,268,403,
156,204,492,
156,140,492,
156,140,403,
156,204,492,
156,204,492,
156,268,403,
156,204,569,
156,268,403,
156,268,659,
156,204,569,
156,140,569,
156,204,569,
156,140,659,
156,204,569,
156,268,659,
156,140,659,
156,140,403,
2,268,249,
156,268,403,
2,166,249,
2,268,249,
156,140,403,
2,166,172,
2,268,172,
2,268,249,
2,166,249,
2,166,172,
2,268,249,
155,140,19,
155,268,19,
65,166,109,
38,230,137,
2,268,172,
2,166,172,
38,166,137,
38,230,137,
2,166,172,
155,268,19,
2,268,172,
38,230,137,
65,230,109,
155,268,19,
38,230,137,
65,166,109,
155,268,19,
65,230,109,
155,140,19,
65,166,109,
104,140,70,
411,140,19,
411,268,19,
155,140,19,
411,268,19,
155,268,19,
155,140,19,
411,140,19,
795,140,402,
411,268,19,
795,140,402,
795,268,402,
411,268,19,
795,140,471,
795,191,505,
795,140,402,
795,191,505,
795,268,402,
795,140,402,
796,268,658,
795,268,402,
795,191,505,
796,191,556,
796,268,658,
795,191,505,
105,140,991,
105,268,991,
156,268,1043,
796,140,658,
796,268,658,
796,191,556,
796,140,590,
796,140,658,
796,191,556,
412,140,1043,
412,268,1043,
796,268,658,
796,140,658,
412,140,1043,
796,268,658,
156,268,1043,
412,268,1043,
156,140,1043,
412,268,1043,
412,140,1043,
156,140,1043,
156,140,659,
156,268,659,
2,268,812,
156,140,1043,
105,140,991,
156,268,1043,
2,140,889,
2,140,812,
2,268,812,
2,268,889,
2,140,889,
2,268,812,
2,140,812,
156,140,659,
2,268,812,
795,268,402,
796,268,658,
796,300,647,
795,300,414,
795,268,402,
796,300,647,
795,332,425,
795,300,414,
796,332,636,
795,300,414,
796,300,647,
796,332,636,
795,364,436,
795,332,425,
796,364,624,
795,332,425,
796,332,636,
796,364,624,
795,396,448,
795,364,436,
796,396,613,
795,364,436,
796,364,624,
796,396,613,
795,396,448,
796,396,613,
796,447,595,
795,447,466,
795,396,448,
796,447,595,
2,268,172,
156,447,236,
2,268,249,
219,447,889,
156,268,1043,
2,268,889,
156,447,825,
219,447,889,
2,268,889,
2,268,812,
156,447,825,
2,268,889,
86,366,659,
156,447,825,
2,268,812,
156,447,236,
156,447,825,
86,366,659,
642,447,466,
642,447,595,
156,447,825,
219,447,889,
156,447,825,
348,447,889,
156,447,825,
642,447,595,
348,447,889,
156,447,236,
642,447,466,
156,447,825,
86,366,403,
156,447,236,
86,366,659,
2,268,249,
156,447,236,
86,366,403,
156,447,236,
2,268,172,
219,447,172,
348,447,172,
411,268,19,
795,268,402,
348,447,889,
412,268,1043,
219,447,889,
219,447,889,
412,268,1043,
156,268,1043,
348,447,889,
796,268,658,
412,268,1043,
642,447,595,
796,268,658,
348,447,889,
219,447,172,
2,268,172,
155,268,19,
219,447,172,
155,268,19,
411,268,19,
348,447,172,
219,447,172,
411,268,19,
219,447,172,
348,447,172,
156,447,236,
348,447,172,
642,447,466,
156,447,236,
642,447,466,
348,447,172,
795,268,402,
86,366,659,
2,268,812,
156,268,659,
86,366,659,
156,268,659,
156,268,403,
86,366,403,
86,366,659,
156,268,403,
86,366,403,
156,268,403,
2,268,249,
796,447,595,
642,447,595,
795,447,466,
642,447,595,
642,447,466,
795,447,466,
795,447,466,
642,447,466,
795,268,402,
796,447,595,
796,268,658,
642,447,595,
770,38,684,
757,38,671,
770,12,684,
795,115,454,
795,12,454,
802,115,454,
795,12,454,
802,12,454,
802,115,454,
802,115,454,
802,140,471,
795,115,454,
802,140,471,
795,140,471,
795,115,454,
796,115,607,
802,115,607,
802,12,607,
796,115,607,
796,140,590,
802,115,607,
796,140,590,
802,140,590,
802,115,607,
796,12,607,
796,115,607,
802,12,607,
757,38,671,
757,12,671,
770,12,684,
757,38,671,
757,38,633,
757,12,671,
796,63,658,
757,38,671,
770,38,684,
757,38,633,
757,38,671,
796,63,658,
757,38,633,
757,12,633,
757,12,671,
796,38,620,
757,38,633,
796,63,658,
757,38,633,
796,38,620,
757,12,633,
796,38,620,
796,12,620,
757,12,633,
795,38,441,
757,38,428,
795,12,441,
757,38,428,
757,12,428,
795,12,441,
309,12,633,
309,76,633,
228,12,714,
757,38,428,
757,38,390,
757,12,428,
795,38,441,
795,63,402,
757,38,428,
795,63,402,
770,38,377,
757,38,390,
757,38,390,
757,12,390,
757,12,428,
757,38,390,
770,38,377,
757,12,390,
757,38,428,
795,63,402,
757,38,390,
770,38,377,
770,12,377,
757,12,390,
228,12,714,
309,76,633,
228,76,714,
475,12,236,
475,19,236,
386,12,147,
228,76,714,
309,76,633,
309,140,633,
228,12,347,
228,76,347,
309,76,428,
309,76,428,
228,76,347,
309,140,428,
309,12,428,
228,12,347,
309,76,428,
411,63,172,
386,63,147,
386,12,147,
475,19,236,
411,63,172,
386,12,147,
386,63,147,
156,63,147,
386,12,147,
156,63,147,
156,12,147,
386,12,147,
386,63,915,
386,12,915,
156,12,915,
156,63,915,
386,63,915,
156,12,915,
386,63,915,
412,63,889,
386,12,915,
412,63,889,
475,19,825,
386,12,915,
475,19,825,
475,12,825,
386,12,915,
156,63,121,
104,63,70,
156,140,121,
104,63,70,
104,140,70,
156,140,121,
156,12,192,
156,76,192,
143,76,192,
156,140,121,
156,140,275,
156,76,192,
156,12,121,
156,140,121,
156,76,192,
156,12,192,
156,12,121,
156,76,192,
156,12,275,
156,12,230,
156,140,275,
156,12,230,
156,76,230,
156,140,275,
156,76,230,
156,76,192,
156,140,275,
143,12,192,
156,12,192,
143,76,192,
143,12,230,
143,76,230,
156,76,230,
156,12,230,
143,12,230,
156,76,230,
201,76,320,
156,12,275,
220,140,339,
156,12,275,
156,140,275,
220,140,339,
201,76,320,
228,76,347,
219,76,356,
192,76,329,
201,76,320,
219,76,356,
201,12,320,
156,12,275,
201,76,320,
228,76,347,
201,76,320,
220,140,339,
309,140,428,
228,76,347,
220,140,339,
479,19,231,
416,63,168,
475,19,236,
416,63,168,
411,63,172,
475,19,236,
416,63,168,
479,19,231,
416,57,168,
479,19,231,
479,12,231,
416,57,168,
416,63,893,
416,57,893,
480,12,830,
480,19,830,
416,63,893,
480,12,830,
416,63,893,
480,19,830,
412,63,889,
480,19,830,
475,19,825,
412,63,889,
480,19,830,
480,12,830,
475,19,825,
480,12,830,
475,12,825,
475,19,825,
479,19,231,
475,19,236,
475,12,236,
479,12,231,
479,19,231,
475,12,236,
156,12,787,
201,76,741,
156,140,787,
201,12,741,
201,76,741,
156,12,787,
201,76,741,
228,76,714,
156,140,787,
201,76,741,
192,76,732,
228,76,714,
156,140,787,
228,76,714,
309,140,633,
373,127,19,
335,127,19,
373,127,6,
143,76,192,
156,76,192,
143,76,230,
335,127,19,
335,127,6,
373,127,6,
373,127,19,
373,127,6,
373,63,6,
373,63,19,
373,127,19,
373,63,6,
335,127,19,
335,63,19,
335,127,6,
335,63,19,
335,63,6,
335,127,6,
156,76,192,
156,76,230,
143,76,230,
156,12,940,
156,76,870,
156,140,940,
143,76,870,
143,76,831,
156,76,831,
156,76,870,
143,76,870,
156,76,831,
156,12,870,
143,12,870,
156,76,870,
143,12,870,
143,76,870,
156,76,870,
143,12,831,
156,12,831,
143,76,831,
156,12,831,
156,76,831,
143,76,831,
156,12,870,
156,76,870,
156,12,940,
156,76,870,
156,76,831,
156,140,787,
156,140,940,
156,76,870,
156,140,787,
156,76,831,
156,12,787,
156,140,787,
156,12,831,
156,12,787,
156,76,831,
194,63,1043,
194,127,1043,
194,63,1055,
194,127,1043,
194,127,1055,
194,63,1055,
233,63,1043,
233,63,1055,
233,127,1055,
233,127,1043,
233,63,1043,
233,127,1055,
233,127,1043,
233,127,1055,
194,127,1055,
194,127,1043,
233,127,1043,
194,127,1055,
156,63,940,
156,140,940,
105,140,991,
105,63,991,
156,63,940,
105,140,991,
228,12,347,
219,76,356,
228,76,347,
219,12,705,
228,12,714,
219,76,705,
219,12,356,
219,76,356,
228,12,347,
192,12,329,
201,76,320,
192,76,329,
201,12,320,
201,76,320,
192,12,329,
192,12,732,
192,76,732,
201,76,741,
201,12,741,
192,12,732,
201,76,741,
228,12,714,
228,76,714,
219,76,705,
335,12,659,
361,108,633,
335,108,659,
192,76,732,
219,76,705,
228,76,714,
309,140,633,
309,76,633,
309,140,428,
309,76,633,
309,76,428,
309,140,428,
361,12,633,
361,12,582,
361,108,633,
361,12,582,
361,108,582,
361,108,633,
361,12,633,
361,108,633,
335,12,659,
284,12,403,
284,108,403,
335,108,403,
335,12,659,
335,108,659,
284,108,659,
284,12,659,
335,12,659,
284,108,659,
360,12,479,
360,12,428,
360,108,479,
360,12,428,
360,108,428,
360,108,479,
335,12,403,
335,108,403,
360,108,428,
335,12,403,
284,12,403,
335,108,403,
360,12,428,
335,12,403,
360,108,428,
450,12,479,
450,25,479,
450,12,492,
450,25,479,
450,25,492,
450,12,492,
296,12,479,
296,140,479,
450,12,479,
296,140,479,
335,140,479,
450,12,479,
335,140,479,
450,25,479,
450,12,479,
450,25,479,
335,140,479,
450,25,492,
335,140,479,
335,140,492,
450,25,492,
450,12,569,
450,25,569,
450,12,582,
450,25,569,
450,25,582,
450,12,582,
297,12,582,
450,12,582,
297,140,582,
450,25,569,
335,140,569,
450,25,582,
335,140,569,
335,140,582,
450,25,582,
450,12,582,
450,25,582,
297,140,582,
450,25,582,
335,140,582,
297,140,582,
450,12,492,
450,25,492,
296,140,492,
450,25,492,
335,140,492,
296,140,492,
296,12,492,
450,12,492,
296,140,492,
335,140,569,
450,25,569,
450,12,569,
297,12,569,
297,140,569,
450,12,569,
297,140,569,
335,140,569,
450,12,569,
156,140,275,
156,140,121,
156,166,275,
802,191,505,
795,191,505,
802,140,471,
795,191,505,
795,140,471,
802,140,471,
802,191,505,
802,191,556,
795,191,505,
802,191,556,
796,191,556,
795,191,505,
802,191,556,
802,140,590,
796,191,556,
796,191,556,
802,140,590,
796,140,590,
104,140,70,
104,166,70,
156,166,121,
156,140,121,
104,140,70,
156,166,121,
156,140,121,
156,166,121,
156,166,275,
156,140,275,
156,166,275,
220,140,339,
82,204,956,
73,140,965,
73,204,965,
82,140,956,
73,140,965,
82,204,956,
28,140,902,
28,204,902,
19,140,911,
28,204,902,
19,204,911,
19,140,911,
156,204,569,
143,204,569,
156,204,492,
73,204,965,
19,204,911,
28,204,902,
82,204,956,
73,204,965,
28,204,902,
65,166,109,
65,230,109,
56,166,100,
65,230,109,
56,230,100,
56,166,100,
38,230,137,
29,230,127,
65,230,109,
29,230,127,
56,230,100,
65,230,109,
29,166,127,
29,230,127,
38,166,137,
29,230,127,
38,230,137,
38,166,137,
143,204,569,
143,204,492,
156,204,492,
156,140,492,
156,204,492,
143,204,492,
143,140,492,
156,140,492,
143,204,492,
156,140,569,
143,140,569,
156,204,569,
143,140,569,
143,204,569,
156,204,569,
309,166,479,
309,166,492,
335,140,479,
309,166,479,
296,166,479,
309,166,492,
309,166,479,
335,140,479,
296,166,479,
297,166,582,
297,140,582,
335,140,582,
296,166,479,
296,166,492,
309,166,492,
335,140,479,
296,140,479,
296,166,479,
309,166,492,
335,140,492,
335,140,479,
297,166,569,
297,166,582,
309,166,582,
309,166,569,
297,166,569,
309,166,582,
309,166,569,
309,166,582,
335,140,569,
309,166,582,
335,140,582,
335,140,569,
309,166,582,
297,166,582,
335,140,582,
297,166,569,
297,140,569,
297,166,582,
297,140,569,
297,140,582,
297,166,582,
296,166,479,
296,140,479,
296,166,492,
296,140,479,
296,140,492,
296,166,492,
2,268,889,
105,268,991,
24,255,898,
24,255,898,
105,268,991,
96,255,970,
105,140,991,
96,140,970,
105,268,991,
96,140,970,
96,255,970,
105,268,991,
24,255,898,
96,255,970,
82,204,956,
96,255,970,
96,140,970,
82,204,956,
24,140,898,
24,255,898,
28,204,902,
28,204,902,
24,255,898,
82,204,956,
2,268,889,
24,255,898,
2,140,889,
24,255,898,
24,140,898,
2,140,889,
28,140,902,
24,140,898,
28,204,902,
82,140,956,
82,204,956,
96,140,970,
296,166,492,
296,140,492,
335,140,492,
309,166,492,
296,166,492,
335,140,492,
309,166,569,
335,140,569,
297,166,569,
335,140,569,
297,140,569,
297,166,569,
949,76,492,
962,76,492,
949,76,569,
962,12,492,
962,76,492,
949,76,492,
949,76,492,
949,76,569,
949,115,453,
949,12,453,
949,76,492,
949,115,453,
949,12,492,
949,76,492,
949,12,453,
949,12,492,
962,12,492,
949,76,492,
962,12,569,
949,12,569,
962,76,569,
949,12,569,
949,76,569,
962,76,569,
949,12,569,
949,12,607,
949,76,569,
949,76,569,
949,115,607,
949,115,453,
949,12,607,
949,115,607,
949,76,569,
949,191,505,
802,191,505,
802,115,454,
962,76,492,
962,76,569,
949,76,569,
949,115,607,
949,191,556,
949,115,453,
949,191,556,
949,191,505,
949,115,453,
949,12,453,
949,115,453,
802,12,454,
949,115,453,
802,115,454,
802,12,454,
949,115,453,
949,191,505,
802,115,454,
949,191,505,
949,191,556,
802,191,505,
949,191,556,
802,191,556,
802,191,505,
949,191,556,
949,115,607,
802,191,556,
949,115,607,
802,115,607,
802,191,556,
949,115,607,
949,12,607,
802,115,607,
949,12,607,
802,12,607,
802,115,607,
463,12,582,
463,12,479,
437,12,479,
437,12,582,
463,12,582,
437,12,479,
488,0,633,
693,0,633,
488,0,428,
693,0,633,
693,0,428,
488,0,428,
82,140,956,
28,140,902,
73,140,965,
28,140,902,
19,140,911,
73,140,965,
24,140,898,
28,140,902,
156,140,940,
28,140,902,
82,140,956,
156,140,940,
65,166,109,
56,166,100,
38,166,137,
96,140,970,
156,140,940,
82,140,956,
105,140,991,
156,140,940,
96,140,970,
156,140,940,
156,140,787,
24,140,898,
24,140,898,
156,140,787,
2,140,812,
2,140,889,
24,140,898,
2,140,812,
156,140,787,
309,140,633,
156,140,659,
2,140,812,
156,140,787,
156,140,659,
56,166,100,
29,166,127,
38,166,137,
156,140,403,
156,140,659,
309,140,428,
92,166,339,
156,140,403,
220,140,339,
156,166,275,
92,166,339,
220,140,339,
220,140,339,
156,140,403,
309,140,428,
92,166,339,
156,166,275,
2,166,249,
2,166,249,
156,166,275,
2,166,172,
156,166,275,
156,166,121,
2,166,172,
2,166,172,
156,166,121,
104,166,70,
156,140,659,
309,140,633,
309,140,428,
192,12,329,
219,12,356,
228,12,347,
156,12,230,
156,12,192,
143,12,192,
143,12,230,
156,12,230,
143,12,192,
156,12,831,
143,12,831,
156,12,870,
143,12,831,
143,12,870,
156,12,870,
143,140,569,
156,140,569,
143,140,492,
156,140,569,
156,140,492,
143,140,492,
463,12,582,
540,12,658,
552,0,633,
201,12,320,
192,12,329,
228,12,347,
192,12,732,
201,12,741,
219,12,705,
201,12,741,
228,12,714,
219,12,705,
629,0,633,
552,0,633,
642,12,658,
552,0,633,
540,12,658,
642,12,658,
488,0,569,
463,12,582,
552,0,633,
488,0,492,
463,12,479,
463,12,582,
488,0,569,
488,0,492,
463,12,582,
629,0,633,
642,12,658,
719,12,582,
693,0,569,
629,0,633,
719,12,582,
693,0,569,
719,12,582,
719,12,479,
693,0,492,
693,0,569,
719,12,479,
693,0,492,
719,12,479,
642,12,402,
629,0,428,
693,0,492,
642,12,402,
629,0,428,
642,12,402,
539,12,402,
539,12,402,
463,12,479,
488,0,492,
156,12,147,
156,12,275,
386,12,147,
552,0,428,
629,0,428,
539,12,402,
552,0,428,
539,12,402,
488,0,492,
156,12,787,
386,12,915,
540,12,658,
156,12,915,
386,12,915,
156,12,787,
361,12,582,
156,12,787,
540,12,658,
386,12,915,
475,12,825,
540,12,658,
540,12,658,
475,12,825,
642,12,658,
463,12,582,
361,12,582,
540,12,658,
361,108,582,
309,108,582,
309,108,633,
386,12,147,
539,12,402,
475,12,236,
156,12,275,
539,12,402,
386,12,147,
360,12,479,
539,12,402,
156,12,275,
463,12,479,
539,12,402,
360,12,479,
539,12,402,
642,12,402,
475,12,236,
284,108,659,
335,108,659,
309,108,633,
335,108,659,
361,108,633,
309,108,633,
361,108,633,
361,108,582,
309,108,633,
360,108,428,
335,108,403,
309,108,428,
335,108,403,
284,108,403,
309,108,428,
360,108,479,
360,108,428,
309,108,428,
309,108,479,
360,108,479,
309,108,428,
525,31,929,
534,31,920,
452,31,857,
962,12,645,
1090,12,645,
962,12,415,
1090,12,645,
1090,12,415,
962,12,415,
552,19,902,
480,19,830,
470,19,839,
543,19,911,
552,19,902,
470,19,839,
534,25,920,
543,25,911,
461,25,848,
543,25,911,
470,25,839,
461,25,848,
497,51,957,
507,51,947,
425,51,884,
534,31,920,
461,31,848,
452,31,857,
525,38,929,
452,38,857,
443,38,866,
516,38,938,
525,38,929,
443,38,866,
516,44,938,
443,44,866,
434,44,875,
507,44,947,
516,44,938,
434,44,875,
507,51,947,
434,51,875,
425,51,884,
506,44,114,
434,44,186,
443,44,195,
488,57,966,
497,57,957,
416,57,893,
497,57,957,
425,57,884,
416,57,893,
497,57,104,
488,57,95,
425,57,177,
488,57,95,
416,57,168,
425,57,177,
497,51,104,
425,51,177,
434,51,186,
506,51,114,
497,51,104,
434,51,186,
533,25,141,
461,25,213,
470,25,222,
515,44,123,
506,44,114,
443,44,195,
515,38,123,
443,38,195,
452,38,204,
524,38,132,
515,38,123,
452,38,204,
533,31,141,
524,31,132,
461,31,213,
524,31,132,
452,31,204,
461,31,213,
542,25,150,
533,25,141,
470,25,222,
488,63,95,
411,63,19,
386,63,147,
552,19,159,
542,19,150,
479,19,231,
542,19,150,
470,19,222,
479,19,231,
104,63,70,
156,63,147,
155,63,19,
411,63,19,
155,63,19,
386,63,147,
155,63,19,
156,63,147,
386,63,147,
411,63,172,
488,63,95,
386,63,147,
373,63,19,
373,63,6,
335,63,6,
335,63,19,
373,63,19,
335,63,6,
233,63,1043,
194,63,1043,
233,63,1055,
194,63,1043,
194,63,1055,
233,63,1055,
412,63,1043,
386,63,915,
156,63,915,
156,63,1043,
412,63,1043,
156,63,915,
412,63,889,
386,63,915,
412,63,1043,
488,63,966,
412,63,889,
412,63,1043,
105,63,991,
156,63,1043,
156,63,915,
962,12,492,
949,12,492,
962,12,569,
949,12,492,
949,12,569,
962,12,569,
795,12,454,
796,12,607,
949,12,607,
949,12,453,
795,12,454,
949,12,607,
719,12,582,
796,12,658,
719,12,479,
796,12,658,
795,12,402,
719,12,479,
796,12,658,
719,12,582,
475,12,825,
552,12,902,
796,12,658,
475,12,825,
475,12,236,
795,12,402,
552,12,159,
795,12,402,
475,12,236,
719,12,479,
386,70,569,
393,70,569,
386,70,492,
412,51,569,
411,51,492,
405,51,492,
393,70,569,
392,70,492,
386,70,492,
393,63,569,
399,63,569,
392,63,492,
399,63,569,
399,63,492,
392,63,492,
399,57,569,
405,57,569,
399,57,492,
405,57,569,
405,57,492,
399,57,492,
405,51,569,
412,51,569,
405,51,492,
431,25,569,
437,25,569,
431,25,492,
412,44,569,
418,44,569,
411,44,492,
418,44,569,
418,44,492,
411,44,492,
424,38,569,
424,38,492,
418,38,492,
418,38,569,
424,38,569,
418,38,492,
424,31,569,
431,31,569,
424,31,492,
431,31,569,
431,31,492,
424,31,492,
335,127,569,
335,127,492,
328,127,492,
437,25,569,
437,25,492,
431,25,492,
444,19,569,
443,19,492,
437,19,492,
437,19,569,
444,19,569,
437,19,492,
322,134,569,
329,134,569,
322,134,492,
329,134,569,
328,134,492,
322,134,492,
329,127,569,
335,127,569,
328,127,492,
354,102,569,
361,102,569,
354,102,492,
341,121,569,
341,121,492,
335,121,492,
335,121,569,
341,121,569,
335,121,492,
341,115,569,
348,115,569,
341,115,492,
348,115,569,
348,115,492,
341,115,492,
348,108,569,
354,108,569,
348,108,492,
354,108,569,
354,108,492,
348,108,492,
373,83,569,
380,83,569,
373,83,492,
361,102,569,
360,102,492,
354,102,492,
361,95,569,
367,95,569,
360,95,492,
367,95,569,
367,95,492,
360,95,492,
367,89,569,
373,89,569,
367,89,492,
373,89,569,
373,89,492,
367,89,492,
380,83,569,
380,83,492,
373,83,492,
380,76,569,
386,76,569,
380,76,492,
386,76,569,
386,76,492,
380,76,492,
309,140,569,
322,140,569,
309,140,492,
322,140,569,
322,140,492,
309,140,492,
525,31,929,
452,31,857,
452,38,857,
552,19,902,
552,12,902,
480,19,830,
552,12,902,
480,12,830,
480,19,830,
543,25,911,
543,19,911,
470,25,839,
543,19,911,
470,19,839,
470,25,839,
534,25,920,
461,25,848,
461,31,848,
534,31,920,
534,25,920,
461,31,848,
497,51,957,
425,51,884,
425,57,884,
525,38,929,
525,31,929,
452,38,857,
516,38,938,
443,38,866,
443,44,866,
516,44,938,
516,38,938,
443,44,866,
507,44,947,
434,44,875,
434,51,875,
507,51,947,
507,44,947,
434,51,875,
497,57,957,
497,51,957,
425,57,884,
506,44,114,
506,51,114,
434,44,186,
488,57,966,
416,57,893,
416,63,893,
488,63,966,
488,57,966,
416,63,893,
488,63,95,
416,63,168,
416,57,168,
488,57,95,
488,63,95,
416,57,168,
497,57,104,
425,57,177,
425,51,177,
497,51,104,
497,57,104,
425,51,177,
533,25,141,
533,31,141,
461,25,213,
506,51,114,
434,51,186,
434,44,186,
515,44,123,
443,44,195,
443,38,195,
515,38,123,
515,44,123,
443,38,195,
524,31,132,
524,38,132,
452,31,204,
524,38,132,
452,38,204,
452,31,204,
533,31,141,
461,31,213,
461,25,213,
399,63,569,
399,57,569,
399,63,492,
542,19,150,
542,25,150,
470,19,222,
542,25,150,
470,25,222,
470,19,222,
552,19,159,
479,19,231,
479,12,231,
552,12,159,
552,19,159,
479,12,231,
393,63,569,
392,63,492,
392,70,492,
393,70,569,
393,63,569,
392,70,492,
418,38,569,
418,38,492,
418,44,492,
399,57,569,
399,57,492,
399,63,492,
405,51,569,
405,51,492,
405,57,492,
405,57,569,
405,51,569,
405,57,492,
412,44,569,
411,44,492,
411,51,492,
412,51,569,
412,44,569,
411,51,492,
418,44,569,
418,38,569,
418,44,492,
444,12,569,
443,12,492,
443,19,492,
424,38,569,
424,31,569,
424,38,492,
424,31,569,
424,31,492,
424,38,492,
431,25,569,
431,25,492,
431,31,492,
431,31,569,
431,25,569,
431,31,492,
437,19,569,
437,19,492,
437,25,492,
437,25,569,
437,19,569,
437,25,492,
341,115,569,
341,115,492,
341,121,492,
444,19,569,
444,12,569,
443,19,492,
329,134,569,
329,127,569,
328,134,492,
329,127,569,
328,127,492,
328,134,492,
335,121,569,
335,121,492,
335,127,492,
335,127,569,
335,121,569,
335,127,492,
341,121,569,
341,115,569,
341,121,492,
367,95,569,
367,89,569,
367,95,492,
348,108,569,
348,108,492,
348,115,492,
348,115,569,
348,108,569,
348,115,492,
354,108,569,
354,102,569,
354,108,492,
354,102,569,
354,102,492,
354,108,492,
361,95,569,
360,95,492,
360,102,492,
361,102,569,
361,95,569,
360,102,492,
386,70,569,
386,70,492,
386,76,492,
367,89,569,
367,89,492,
367,95,492,
373,83,569,
373,83,492,
373,89,492,
373,89,569,
373,83,569,
373,89,492,
380,76,569,
380,76,492,
380,83,492,
380,83,569,
380,76,569,
380,83,492,
386,76,569,
386,70,569,
386,76,492,
322,134,569,
322,134,492,
322,140,492,
322,140,569,
322,134,569,
322,140,492,
faces,,,
2,1,0,FF0000FF
5,4,3,FF0000FF
8,7,6,FF0000FF
11,10,9,FF0000FF
14,13,12,FF0000FF
17,16,15,FF0000FF
20,19,18,FF0000FF
23,22,21,FF0000FF
26,25,24,00FF00FF
29,28,27,00FF00FF
32,31,30,0000FFFF
35,34,33,0000FFFF
38,37,36,0000FFFF
41,40,39,0000FFFF
44,43,42,0000FFFF
47,46,45,0000FFFF
50,49,48,0000FFFF
53,52,51,0000FFFF
56,55,54,0000FFFF
59,58,57,0000FFFF
62,61,60,0000FFFF
65,64,63,0000FFFF
68,67,66,0000FFFF
71,70,69,0000FFFF
74,73,72,0000FFFF
77,76,75,0000FFFF
80,79,78,0000FFFF
83,82,81,0000FFFF
86,85,84,0000FFFF
89,88,87,0000FFFF
92,91,90,0000FFFF
95,94,93,0000FFFF
98,97,96,0000FFFF
101,100,99,0000FFFF
104,103,102,0000FFFF
107,106,105,0000FFFF
110,109,108,0000FFFF
113,112,111,0000FFFF
116,115,114,0000FFFF
119,118,117,0000FFFF
122,121,120,0000FFFF
125,124,123,0000FFFF
128,127,126,FFFF00FF
131,130,129,FFFF00FF
134,133,132,FFFF00FF
137,136,135,FFFF00FF
140,139,138,FFFF00FF
143,142,141,FFFF00FF
146,145,144,FFFF00FF
149,148,147,FFFF00FF
152,151,150,FFFF00FF
155,154,153,FFFF00FF
158,157,156,FFFF00FF
161,160,159,FFFF00FF
164,163,162,FFFF00FF
167,166,165,FFFF00FF
170,169,168,FFFF00FF
173,172,171,FFFF00FF
176,175,174,FFFF00FF
179,178,177,FFFF00FF
182,181,180,FFFF00FF
185,184,183,FFFF00FF
188,187,186,FFFF00FF
191,190,189,FFFF00FF
194,193,192,FFFF00FF
197,196,195,FFFF00FF
200,199,198,FFFF00FF
203,202,201,FFFF00FF
206,205,204,FF00FFFF
209,208,207,FF00FFFF
212,211,210,FF00FFFF
215,214,213,FF00FFFF
218,217,216,FF00FFFF
221,220,219,FF00FFFF
224,223,222,FF00FFFF
227,226,225,FF00FFFF
230,229,228,FF00FFFF
233,232,231,FF00FFFF
236,235,234,FF00FFFF
239,238,237,FF00FFFF
242,241,240,FF00FFFF
245,244,243,FF00FFFF
248,247,246,FF00FFFF
251,250,249,FF00FFFF
254,253,252,FF00FFFF
257,256,255,FF00FFFF
260,259,258,FF00FFFF
263,262,261,FF00FFFF
266,265,264,FF00FFFF
269,268,267,FF00FFFF
272,271,270,FF00FFFF
275,274,273,FF00FFFF
278,277,276,FF00FFFF
281,280,279,FF00FFFF
284,283,282,FF00FFFF
287,286,285,FF00FFFF
290,289,288,FF00FFFF
293,292,291,FF00FFFF
296,295,294,FF00FFFF
299,298,297,FF00FFFF
302,301,300,FF00FFFF
305,304,303,FF00FFFF
308,307,306,FF00FFFF
311,310,309,FF00FFFF
314,313,312,FF00FFFF
317,316,315,FF00FFFF
320,319,318,FF00FFFF
323,322,321,FF00FFFF
326,325,324,FF00FFFF
329,328,327,FF00FFFF
332,331,330,FF00FFFF
335,334,333,FF00FFFF
338,337,336,FF00FFFF
341,340,339,FF00FFFF
344,343,342,FF00FFFF
443,442,441,FFFF00FF
446,445,444,FFFF00FF
449,448,447,FFFF00FF
452,451,450,FFFF00FF
455,454,453,FFFF00FF
458,457,456,FFFF00FF
461,460,459,FFFF00FF
464,463,462,FFFF00FF
467,466,465,FFFF00FF
470,469,468,FFFF00FF
473,472,471,FFFF00FF
476,475,474,FFFF00FF
479,478,477,FFFF00FF
482,481,480,FFFF00FF
485,484,483,FFFF00FF
488,487,486,FFFF00FF
491,490,489,FFFF00FF
494,493,492,FFFF00FF
497,496,495,FFFF00FF
500,499,498,FFFF00FF
503,502,501,FFFF00FF
506,505,504,FFFF00FF
509,508,507,FFFF00FF
512,511,510,FFFF00FF
515,514,513,FFFF00FF
518,517,516,FFFF00FF
521,520,519,FFFF00FF
524,523,522,FFFF00FF
527,526,525,FFFF00FF
530,529,528,FFFF00FF
533,532,531,FFFF00FF
536,535,534,FFFF00FF
539,538,537,FFFF00FF
542,541,540,FFFF00FF
545,544,543,FFFF00FF
548,547,546,FFFF00FF
551,550,549,FFFF00FF
554,553,552,FFFF00FF
557,556,555,FFFF00FF
560,559,558,FFFF00FF
563,562,561,FFFF00FF
566,565,564,FFFF00FF
569,568,567,FFFF00FF
572,571,570,FFFF00FF
575,574,573,FFFF00FF
578,577,576,FFFF00FF
581,580,579,FFFF00FF
584,583,582,FFFF00FF
587,586,585,FFFF00FF
590,589,588,FFFF00FF
593,592,591,FFFF00FF
596,595,594,FFFF00FF
599,598,597,FFFF00FF
602,601,600,FFFF00FF
605,604,603,FFFF00FF
608,607,606,FFFF00FF
611,610,609,FFFF00FF
614,613,612,FFFF00FF
617,616,615,FFFF00FF
620,619,618,FFFF00FF
623,622,621,FFFF00FF
626,625,624,FFFF00FF
629,628,627,FFFF00FF
632,631,630,FFFF00FF
635,634,633,FFFF00FF
638,637,636,FFFF00FF
641,640,639,FFFF00FF
644,643,642,FFFF00FF
647,646,645,FFFF00FF
650,649,648,FFFF00FF
653,652,651,FFFF00FF
656,655,654,FFFF00FF
659,658,657,FFFF00FF
662,661,660,FFFF00FF
665,664,663,FFFF00FF
668,667,666,FFFF00FF
671,670,669,FFFF00FF
674,673,672,FFFF00FF
677,676,675,FFFF00FF
680,679,678,FFFF00FF
683,682,681,FFFF00FF
686,685,684,FFFF00FF
689,688,687,FFFF00FF
692,691,690,FFFF00FF
695,694,693,FFFF00FF
698,697,696,FFFF00FF
701,700,699,FFFF00FF
704,703,702,FFFF00FF
707,706,705,FFFF00FF
710,709,708,FFFF00FF
713,712,711,FFFF00FF
716,715,714,FFFF00FF
719,718,717,FFFF00FF
722,721,720,FFFF00FF
725,724,723,FFFF00FF
728,727,726,FFFF00FF
731,730,729,FFFF00FF
734,733,732,FFFF00FF
737,736,735,FFFF00FF
740,739,738,FFFF00FF
743,742,741,FFFF00FF
746,745,744,FFFF00FF
749,748,747,FFFF00FF
752,751,750,FFFF00FF
755,754,753,FFFF00FF
758,757,756,FFFF00FF
761,760,759,FFFF00FF
764,763,762,FFFF00FF
767,766,765,FFFF00FF
770,769,768,FFFF00FF
773,772,771,FFFF00FF
776,775,774,FFFF00FF
779,778,777,FFFF00FF
782,781,780,FFFF00FF
785,784,783,FFFF00FF
788,787,786,FFFF00FF
791,790,789,FFFF00FF
794,793,792,FFFF00FF
797,796,795,FFFF00FF
800,799,798,FFFF00FF
803,802,801,FFFF00FF
806,805,804,FFFF00FF
809,808,807,FFFF00FF
812,811,810,FFFF00FF
815,814,813,FFFF00FF
818,817,816,FFFF00FF
821,820,819,FFFF00FF
824,823,822,FFFF00FF
827,826,825,FFFF00FF
830,829,828,FFFF00FF
833,832,831,FFFF00FF
836,835,834,FFFF00FF
839,838,837,FFFF00FF
842,841,840,FFFF00FF
845,844,843,FFFF00FF
848,847,846,FFFF00FF
851,850,849,FFFF00FF
854,853,852,FFFF00FF
857,856,855,FFFF00FF
860,859,858,FFFF00FF
863,862,861,FFFF00FF
866,865,864,FFFF00FF
869,868,867,FFFF00FF
872,871,870,FFFF00FF
875,874,873,FFFF00FF
878,877,876,FFFF00FF
881,880,879,FFFF00FF
884,883,882,FFFF00FF
887,886,885,FFFF00FF
890,889,888,FF00FFFF
893,892,891,FF00FFFF
896,895,894,FF00FFFF
899,898,897,FF00FFFF
902,901,900,FF00FFFF
905,904,903,FF00FFFF
908,907,906,FF00FFFF
911,910,909,FF00FFFF
914,913,912,FF00FFFF
917,916,915,FF00FFFF
920,919,918,FF00FFFF
923,922,921,FF00FFFF
926,925,924,FF00FFFF
929,928,927,FF00FFFF
932,931,930,FF00FFFF
935,934,933,FF00FFFF
938,937,936,FF00FFFF
941,940,939,FF00FFFF
944,943,942,FF00FFFF
947,946,945,FF00FFFF
950,949,948,FF00FFFF
953,952,951,FF00FFFF
956,955,954,FF00FFFF
959,958,957,FF00FFFF
962,961,960,FF00FFFF
965,964,963,FF00FFFF
968,967,966,FF00FFFF
971,970,969,FF00FFFF
974,973,972,FF00FFFF
977,976,975,FF00FFFF
980,979,978,FF00FFFF
983,982,981,FF00FFFF
986,985,984,FF00FFFF
989,988,987,FF00FFFF
992,991,990,FF00FFFF
995,994,993,FF00FFFF
998,997,996,FF00FFFF
1001,1000,999,FF00FFFF
1004,1003,1002,FF00FFFF
1007,1006,1005,FF00FFFF
1010,1009,1008,FF00FFFF
1013,1012,1011,FF00FFFF
1016,1015,1014,FF00FFFF
1019,1018,1017,FF00FFFF
1022,1021,1020,FF00FFFF
1025,1024,1023,FF00FFFF
1028,1027,1026,FF00FFFF
1031,1030,1029,FF00FFFF
1034,1033,1032,FF00FFFF
1037,1036,1035,FF00FFFF
1040,1039,1038,FF00FFFF
1043,1042,1041,FF00FFFF
1046,1045,1044,FF00FFFF
1049,1048,1047,FF00FFFF
1052,1051,1050,FF00FFFF
1055,1054,1053,FF00FFFF
1058,1057,1056,FF00FFFF
1061,1060,1059,FF00FFFF
1064,1063,1062,FF00FFFF
1067,1066,1065,FF00FFFF
1070,1069,1068,FF00FFFF
1073,1072,1071,00FFFFFF
1076,1075,1074,00FFFFFF
1079,1078,1077,00FFFFFF
1082,1081,1080,00FFFFFF
1085,1084,1083,00FFFFFF
1088,1087,1086,00FFFFFF
1091,1090,1089,00FFFFFF
1094,1093,1092,00FFFFFF
1097,1096,1095,00FFFFFF
1100,1099,1098,00FFFFFF
1103,1102,1101,00FFFFFF
1106,1105,1104,00FFFFFF
1109,1108,1107,00FFFFFF
1112,1111,1110,00FFFFFF
1115,1114,1113,00FFFFFF
1118,1117,1116,00FFFFFF
1121,1120,1119,00FFFFFF
1124,1123,1122,00FFFFFF
1127,1126,1125,00FFFFFF
1130,1129,1128,00FFFFFF
1133,1132,1131,00FFFFFF
1136,1135,1134,00FFFFFF
1139,1138,1137,00FFFFFF
1142,1141,1140,00FFFFFF
1145,1144,1143,7FFFFFFF
1148,1147,1146,7FFFFFFF
1151,1150,1149,7FFFFFFF
1154,1153,1152,7FFFFFFF
1157,1156,1155,7FFFFFFF
1160,1159,1158,7FFFFFFF
1163,1162,1161,7FFFFFFF
1166,1165,1164,7FFFFFFF
1169,1168,1167,7FFFFFFF
1172,1171,1170,7FFFFFFF
1175,1174,1173,7FFFFFFF
1178,1177,1176,7FFFFFFF
1181,1180,1179,7FFFFFFF
1184,1183,1182,7FFFFFFF
1187,1186,1185,7FFFFFFF
1190,1189,1188,7FFFFFFF
1193,1192,1191,7FFFFFFF
1196,1195,1194,7FFFFFFF
1199,1198,1197,7FFFFFFF
1202,1201,1200,7FFFFFFF
1205,1204,1203,7FFFFFFF
1208,1207,1206,7FFFFFFF
1211,1210,1209,7FFFFFFF
1214,1213,1212,7FFFFFFF
1217,1216,1215,7FFFFFFF
1220,1219,1218,7FFFFFFF
1223,1222,1221,7FFFFFFF
1226,1225,1224,7FFFFFFF
1229,1228,1227,7FFFFFFF
1232,1231,1230,7FFFFFFF
1235,1234,1233,7FFFFFFF
1238,1237,1236,7FFFFFFF
1241,1240,1239,7FFFFFFF
1244,1243,1242,7FFFFFFF
1247,1246,1245,7FFFFFFF
1250,1249,1248,7FFFFFFF
1253,1252,1251,7FFFFFFF
1256,1255,1254,7FFFFFFF
1259,1258,1257,7FFFFFFF
1262,1261,1260,7FFFFFFF
1265,1264,1263,7FFFFFFF
1268,1267,1266,7FFFFFFF
1271,1270,1269,7FFFFFFF
1274,1273,1272,7FFFFFFF
1277,1276,1275,7FFFFFFF
1280,1279,1278,7FFFFFFF
1283,1282,1281,7FFFFFFF
1286,1285,1284,7FFFFFFF
1289,1288,1287,7FFFFFFF
1292,1291,1290,7FFFFFFF
1295,1294,1293,7FFFFFFF
1298,1297,1296,7FFFFFFF
1301,1300,1299,7FFFFFFF
1304,1303,1302,7FFFFFFF
1307,1306,1305,7FFFFFFF
1310,1309,1308,7FFFFFFF
1313,1312,1311,7FFFFFFF
1316,1315,1314,7FFFFFFF
1319,1318,1317,7FFFFFFF
1322,1321,1320,7FFFFFFF
1325,1324,1323,7FFFFFFF
1328,1327,1326,7FFFFFFF
1331,1330,1329,7FFFFFFF
1334,1333,1332,7FFFFFFF
1337,1336,1335,7FFFFFFF
1340,1339,1338,7FFFFFFF
1343,1342,1341,7FFFFFFF
1346,1345,1344,7FFFFFFF
1349,1348,1347,7FFFFFFF
1352,1351,1350,7FFFFFFF
1355,1354,1353,7FFFFFFF
1358,1357,1356,7FFFFFFF
1361,1360,1359,FF7FFFFF
1370,1369,1368,FF7FFFFF
1373,1372,1371,FF7FFFFF
1376,1375,1374,FF7FFFFF
1379,1378,1377,FF7FFFFF
1382,1381,1380,FF7FFFFF
1385,1384,1383,FF7FFFFF
1388,1387,1386,FF7FFFFF
1391,1390,1389,FF7FFFFF
1394,1393,1392,FF7FFFFF
1397,1396,1395,FF7FFFFF
1400,1399,1398,FF7FFFFF
1403,1402,1401,FF7FFFFF
1406,1405,1404,FF7FFFFF
1409,1408,1407,FF7FFFFF
1412,1411,1410,FF7FFFFF
1415,1414,1413,FF7FFFFF
1418,1417,1416,FF7FFFFF
1421,1420,1419,FF7FFFFF
1424,1423,1422,FF7FFFFF
1427,1426,1425,FF7FFFFF
1430,1429,1428,FF7FFFFF
1433,1432,1431,FF7FFFFF
1436,1435,1434,FF7FFFFF
1439,1438,1437,FF7FFFFF
1442,1441,1440,FF7FFFFF
1445,1444,1443,FF7FFFFF
1448,1447,1446,FF7FFFFF
1451,1450,1449,FF7FFFFF
1454,1453,1452,FF7FFFFF
1457,1456,1455,FF7FFFFF
1460,1459,1458,FF7FFFFF
1463,1462,1461,FF7FFFFF
1466,1465,1464,FF7FFFFF
1469,1468,1467,FF7FFFFF
1472,1471,1470,FF7FFFFF
1475,1474,1473,FF7FFFFF
1478,1477,1476,FF7FFFFF
1481,1480,1479,FF7FFFFF
1484,1483,1482,FF7FFFFF
1487,1486,1485,FF7FFFFF
1490,1489,1488,FF7FFFFF
1493,1492,1491,FF7FFFFF
1496,1495,1494,FF7FFFFF
1499,1498,1497,FF7FFFFF
1502,1501,1500,FF7FFFFF
1505,1504,1503,FF7FFFFF
1508,1507,1506,FF7FFFFF
1511,1510,1509,FF7FFFFF
1514,1513,1512,FF7FFFFF
1517,1516,1515,FF7FFFFF
1520,1519,1518,FF7FFFFF
1523,1522,1521,FF7FFFFF
1526,1525,1524,FF7FFFFF
1529,1528,1527,FF7FFFFF
1532,1531,1530,FF7FFFFF
1535,1534,1533,FF7FFFFF
1538,1537,1536,FF7FFFFF
1541,1540,1539,FF7FFFFF
1544,1543,1542,FF7FFFFF
1547,1546,1545,FF7FFFFF
1550,1549,1548,FF7FFFFF
1553,1552,1551,FF7FFFFF
1556,1555,1554,FF7FFFFF
1559,1558,1557,FF7FFFFF
1562,1561,1560,FF7FFFFF
1565,1564,1563,FF7FFFFF
1568,1567,1566,FF7FFFFF
1571,1570,1569,FF7FFFFF
1574,1573,1572,FF7FFFFF
1577,1576,1575,FF7FFFFF
1580,1579,1578,FF7FFFFF
1583,1582,1581,FF7FFFFF
1586,1585,1584,FF7FFFFF
1589,1588,1587,FF7FFFFF
1592,1591,1590,FF7FFFFF
1595,1594,1593,FF7FFFFF
1598,1597,1596,FF7FFFFF
1601,1600,1599,FF7FFFFF
1604,1603,1602,FF7FFFFF
1607,1606,1605,FF7FFFFF
1610,1609,1608,FF7FFFFF
1613,1612,1611,FF7FFFFF
1616,1615,1614,FF7FFFFF
1619,1618,1617,FF7FFFFF
1622,1621,1620,FF7FFFFF
1625,1624,1623,FF7FFFFF
1628,1627,1626,FF7FFFFF
1631,1630,1629,FF7FFFFF
1634,1633,1632,FF7FFFFF
1637,1636,1635,FF7FFFFF
1640,1639,1638,FF7FFFFF
1643,1642,1641,FF7FFFFF
1646,1645,1644,FF7FFFFF
1649,1648,1647,FF7FFFFF
1652,1651,1650,FF7FFFFF
1655,1654,1653,FF7FFFFF
1658,1657,1656,FF7FFFFF
1661,1660,1659,FF7FFFFF
1664,1663,1662,FF7FFFFF
1667,1666,1665,FF7FFFFF
1670,1669,1668,FF7FFFFF
1673,1672,1671,FF7FFFFF
1676,1675,1674,FF7FFFFF
1679,1678,1677,FF7FFFFF
1682,1681,1680,FF7FFFFF
1685,1684,1683,FF7FFFFF
1688,1687,1686,FF7FFFFF
1691,1690,1689,FF7FFFFF
1694,1693,1692,FF7FFFFF
1697,1696,1695,FF7FFFFF
1700,1699,1698,FF7FFFFF
1703,1702,1701,FF7FFFFF
1706,1705,1704,FF7FFFFF
1709,1708,1707,FF7FFFFF
1712,1711,1710,FF7FFFFF
1715,1714,1713,FF7FFFFF
1718,1717,1716,FF7FFFFF
1721,1720,1719,FF7FFFFF
1724,1723,1722,FF7FFFFF
1727,1726,1725,FF7FFFFF
1730,1729,1728,FF7FFFFF
1733,1732,1731,FF7FFFFF
1736,1735,1734,FF7FFFFF
1739,1738,1737,FF7FFFFF
1742,1741,1740,FF7FFFFF
1745,1744,1743,FF7FFFFF
1748,1747,1746,FF7FFFFF
1751,1750,1749,FF7FFFFF
1754,1753,1752,FF7FFFFF
1757,1756,1755,FF7FFFFF
1760,1759,1758,FF7FFFFF
1763,1762,1761,FF7FFFFF
1766,1765,1764,FF7FFFFF
1769,1768,1767,FF7FFFFF
1772,1771,1770,FF7FFFFF
1775,1774,1773,FF7FFFFF
1778,1777,1776,FF7FFFFF
1781,1780,1779,FF7FFFFF
1784,1783,1782,FF7FFFFF
1787,1786,1785,FF7FFFFF
1790,1789,1788,FF7FFFFF
1793,1792,1791,FF7FFFFF
1796,1795,1794,FF7FFFFF
1799,1798,1797,FF7FFFFF
1802,1801,1800,FF7FFFFF
1805,1804,1803,FF7FFFFF
1808,1807,1806,FF7FFFFF
1811,1810,1809,FF7FFFFF
1814,1813,1812,FF7FFFFF
1817,1816,1815,FF7FFFFF
1820,1819,1818,FF7FFFFF
1823,1822,1821,FF7FFFFF
1826,1825,1824,FF7FFFFF
1829,1828,1827,FF7FFFFF
1832,1831,1830,FF7FFFFF
1835,1834,1833,FF7FFFFF
1838,1837,1836,FF7FFFFF
1841,1840,1839,FF7FFFFF
1844,1843,1842,FF7FFFFF
1847,1846,1845,FF7FFFFF
1850,1849,1848,FF7FFFFF
1853,1852,1851,FF7FFFFF
1856,1855,1854,FF7FFFFF