vertices,,
380,437,1108
380,498,1108
358,437,1083
358,498,1083
380,437,1108
400,437,1132
380,498,1108
400,498,1132
660,501,1251
610,501,1251
581,458,1251
689,458,1251
660,415,1251
610,415,1251
610,501,1116
660,501,1116
581,458,1116
689,458,1116
660,415,1116
610,415,1116
589,458,1118
682,458,1118
657,495,1118
613,495,1118
613,495,1174
657,495,1174
589,458,1174
682,458,1174
657,421,1118
613,421,1118
657,421,1174
613,421,1174
613,421,323
657,421,323
613,421,379
657,421,379
682,458,323
589,458,323
657,495,323
613,495,323
613,495,379
657,495,379
682,458,379
589,458,379
610,415,381
660,415,381
689,458,381
581,458,381
660,501,381
610,501,381
610,415,246
660,415,246
689,458,246
581,458,246
610,501,246
660,501,246
888,245,672
952,245,672
834,245,600
888,245,830
952,245,830
892,245,600
834,245,902
892,245,902
250,245,672
186,245,672
304,245,600
250,245,830
186,245,830
246,245,600
304,245,902
246,245,902
639,245,686
520,245,686
350,245,746
802,245,746
580,245,516
520,245,806
639,245,806
580,245,975
648,245,1070
648,245,1134
720,245,1016
490,245,1070
490,245,1134
720,245,1074
418,245,1016
418,245,1074
648,245,432
648,245,368
720,245,486
490,245,432
490,245,368
720,245,429
418,245,486
418,245,429
802,299,746
639,299,686
350,299,746
520,299,686
580,299,516
520,299,806
639,299,806
580,299,975
888,299,672
952,299,672
834,299,600
888,299,830
952,299,830
892,299,600
834,299,902
892,299,902
250,299,672
186,299,672
304,299,600
250,299,830
186,299,830
246,299,600
304,299,902
246,299,902
648,299,1070
648,299,1134
720,299,1016
490,299,1070
490,299,1134
720,299,1074
418,299,1016
418,299,1074
648,299,432
648,299,368
720,299,486
490,299,432
490,299,368
720,299,429
418,299,486
418,299,429
596,939,644
595,939,644
597,941,644
595,939,644
596,941,644
597,941,644
603,934,644
601,933,644
603,935,644
601,933,644
601,934,644
603,935,644
597,936,644
598,935,644
596,936,644
598,935,644
598,934,644
596,936,644
598,943,644
598,944,644
601,943,644
598,944,644
601,944,644
601,943,644
604,941,644
603,943,644
605,941,644
603,943,644
603,944,644
605,941,644
605,936,644
604,936,644
606,939,644
604,936,644
605,939,644
606,939,644
605,936,644
603,934,644
604,936,644
603,934,644
603,935,644
604,936,644
598,934,644
598,935,644
601,933,644
598,935,644
601,934,644
601,933,644
597,936,644
596,936,644
596,939,644
596,936,644
595,939,644
596,939,644
598,943,644
597,941,644
598,944,644
597,941,644
596,941,644
598,944,644
601,943,644
601,944,644
603,943,644
601,944,644
603,944,644
603,943,644
606,939,644
605,939,644
605,941,644
605,939,644
604,941,644
605,941,644
762,476,317
762,562,317
360,519,317
762,519,317
1014,734,646
360,562,317
360,734,317
360,777,317
762,389,317
360,389,317
762,648,317
762,691,1184
762,734,1184
1014,691,860
360,691,1184
360,301,1184
762,346,1184
1014,301,860
762,301,1184
1014,648,860
360,648,1184
360,346,1184
1014,346,860
1014,389,860
1014,605,860
762,648,1184
360,389,1184
762,389,1184
1014,433,860
360,777,1184
360,734,1184
360,562,1184
1014,734,860
1014,562,860
762,519,1184
360,519,1184
762,562,1184
762,476,1184
1014,519,860
1014,476,860
360,605,1184
762,777,1184
1014,820,860
1014,777,860
762,820,1184
360,820,1184
762,605,1184
762,433,1184
360,433,1184
360,476,1184
762,906,1184
762,949,1184
1014,906,860
360,906,1184
1014,863,860
360,863,1184
762,863,1184
360,993,1184
360,949,1184
1014,949,860
762,993,1184
1014,993,860
1014,605,646
107,820,860
107,562,860
107,734,860
107,605,860
107,648,860
107,691,860
361,993,1184
360,346,317
361,949,1184
360,648,317
361,863,1184
361,906,1184
1014,648,646
762,301,317
107,433,860
762,346,317
361,777,1184
361,820,1184
360,301,317
361,476,1184
361,519,1184
107,476,860
360,691,317
107,519,860
361,562,1184
361,734,1184
361,433,1184
107,389,860
1014,691,646
361,605,1184
361,389,1184
361,346,1184
361,648,1184
107,301,860
361,301,1184
107,346,860
361,691,1184
762,734,317
762,691,317
107,777,860
107,906,860
107,863,860
107,949,860
107,993,860
360,605,317
762,777,317
1014,820,646
1014,777,646
762,820,317
360,820,317
762,605,317
762,433,317
360,433,317
360,476,317
762,906,317
762,949,317
1014,906,646
360,906,317
1014,863,646
360,863,317
762,863,317
360,993,317
360,949,317
1014,949,646
762,993,317
1014,993,646
107,820,646
107,562,646
107,734,646
107,605,646
107,648,646
107,691,646
361,993,317
361,949,317
361,863,317
361,906,317
107,433,646
361,777,317
361,820,317
361,476,317
361,519,317
107,476,646
107,519,646
361,562,317
361,734,317
361,433,317
107,389,646
361,605,317
361,389,317
361,346,317
361,648,317
107,301,646
361,301,317
107,346,646
361,691,317
107,777,646
107,906,646
107,863,646
107,949,646
107,993,646
1268,346,860
1268,301,860
1268,389,860
1268,519,860
1268,562,860
1268,476,860
1268,433,860
1014,301,646
1268,346,646
1268,301,646
1014,346,646
1014,389,646
1268,389,646
1268,519,646
1014,519,646
1268,562,646
1268,476,646
1268,433,646
1014,433,646
1014,476,646
1014,562,646
1014,530,860
1014,530,646
1014,906,860
1014,863,860
1014,820,860
1014,777,860
1014,820,646
1014,863,646
1014,906,646
1014,777,646
400,437,1132
358,437,1083
258,955,350
218,646,374
218,681,374
376,306,1137
359,306,1152
376,367,1136
372,367,1113
372,306,1113
236,397,362
213,397,363
200,397,344
215,991,362
214,930,363
202,991,344
213,681,363
200,681,344
213,742,363
236,681,362
330,366,1121
349,366,1105
331,305,1121
350,306,1105
247,397,340
233,396,319
248,929,339
238,930,361
239,991,360
249,990,339
236,990,318
235,929,319
233,681,319
247,742,340
247,681,340
372,2,1113
376,306,1136
376,2,1137
359,2,1152
360,306,1151
360,366,1151
358,436,1151
376,437,1136
213,458,363
202,645,343
200,458,345
214,646,363
237,742,361
202,929,343
200,742,345
350,2,1105
372,306,1113
349,306,1105
330,305,1121
331,2,1121
330,436,1120
349,436,1105
372,437,1113
235,645,319
234,457,319
247,457,340
248,645,339
237,458,361
238,646,361
234,741,319
191,681,334
306,497,1127
358,498,1083
348,498,1176
348,436,1176
306,436,1127
306,437,1127
306,497,1127
400,498,1132
348,498,1177
348,437,1176
219,993,376
190,992,334
190,955,334
190,955,334
219,955,376
230,955,307
230,955,308
230,992,307
258,993,349
191,646,334
229,681,308
229,646,309
256,646,348
256,681,348
791,301,1121
807,301,1135
806,646,1138
768,301,1127
790,646,1121
768,646,1127
791,646,1121
807,646,1135
778,646,1168
779,301,1168
761,646,1150
762,301,1150
767,646,1127
779,646,1168
778,990,1168
790,991,1121
806,990,1138
762,646,1150
767,991,1127
761,990,1150
130,646,773
107,646,771
129,302,774
107,301,774
142,301,753
142,646,752
130,991,773
129,646,774
107,646,774
107,990,771
106,646,730
131,646,731
106,301,731
131,301,732
142,646,753
142,991,752
131,646,732
131,990,731
106,990,730
106,646,731
787,990,382
765,991,372
787,646,381
782,990,335
763,991,348
807,990,368
807,646,367
765,646,372
787,301,381
787,646,382
807,301,367
807,646,368
780,646,334
763,646,347
765,646,371
763,646,348
765,301,371
782,646,335
780,301,334
763,301,347
831,993,328
522,993,228
522,993,753
522,993,753
1021,993,591
831,993,328
1021,993,915
1021,993,591
522,993,753
1021,993,915
522,993,753
831,993,1178
522,993,753
522,993,1278
831,993,1178
522,993,1278
522,993,753
213,993,1178
213,993,1178
522,993,753
23,993,915
522,993,753
23,993,591
23,993,915
213,993,328
23,993,591
522,993,753
213,993,328
522,993,753
522,993,228
1268,531,858
1268,531,643
1014,531,858
1014,531,643
888,245,672
952,245,672
834,245,600
888,245,830
952,245,830
892,245,600
834,245,902
892,245,902
250,245,672
186,245,672
304,245,600
250,245,830
186,245,830
246,245,600
304,245,902
246,245,902
802,301,746
639,301,686
350,301,746
520,301,686
580,301,516
520,301,806
639,301,806
580,301,975
5,301,1464
1021,301,42
1021,301,1464
5,301,42
639,245,686
520,245,686
350,245,746
802,245,746
580,245,516
520,245,806
639,245,806
580,245,975
974,301,753
876,301,753
213,301,997
952,301,672
892,301,600
952,301,830
952,301,753
892,301,902
834,301,600
888,301,753
888,301,830
888,301,672
304,301,600
250,301,672
304,301,902
250,301,830
834,301,902
246,301,600
186,301,830
207,301,856
246,301,902
186,301,756
186,301,672
1268,301,42
1268,301,1464
720,301,1074
648,245,1070
648,245,1134
720,245,1016
490,245,1070
490,245,1134
720,245,1074
418,245,1016
418,245,1074
648,245,432
648,245,368
720,245,486
490,245,432
490,245,368
720,245,429
418,245,486
418,245,429
648,301,1134
490,301,1134
567,301,1134
418,301,1074
720,301,1016
567,301,1070
490,301,1070
648,301,1070
720,301,486
648,301,432
418,301,486
490,301,432
418,301,1016
720,301,429
490,301,368
464,301,390
418,301,429
569,301,368
648,301,368
823,319,745
823,316,745
823,316,742
823,319,745
822,319,742
823,316,742
781,319,915
781,310,915
787,310,908
787,319,908
780,311,922
786,311,915
780,320,922
786,320,915
781,311,925
781,321,925
787,321,918
787,311,918
780,321,929
780,312,929
786,321,922
786,312,922
783,311,933
789,311,926
782,320,933
789,320,926
782,323,938
782,313,938
788,323,931
788,313,931
780,312,940
787,312,933
780,321,940
786,321,933
780,312,946
780,321,946
787,321,939
787,312,939
782,317,949
789,317,942
782,326,949
789,326,942
782,323,954
782,314,954
789,323,948
789,314,948
781,324,959
782,315,959
788,315,952
788,324,952
779,325,962
779,316,962
785,316,956
785,325,956
780,321,965
787,321,959
780,330,965
787,330,959
779,328,972
779,318,973
786,328,966
786,318,966
778,327,975
779,317,976
785,327,969
785,317,969
764,348,982
764,357,981
771,357,975
771,348,976
761,358,983
762,349,984
769,358,977
769,349,978
763,360,989
764,351,990
771,351,985
770,360,984
764,359,992
765,350,993
773,350,988
772,359,987
768,351,996
775,351,990
767,360,995
774,360,989
768,353,1001
767,362,1000
774,362,995
775,353,996
766,362,1003
767,352,1004
774,362,998
774,352,999
769,363,1009
770,354,1010
777,363,1004
777,354,1005
769,364,1013
770,355,1014
777,364,1008
777,355,1009
771,365,1020
772,356,1021
778,365,1014
779,356,1015
772,365,1021
772,356,1023
779,365,1016
780,356,1017
771,364,1030
772,355,1031
779,364,1024
779,355,1025
773,360,1031
773,351,1032
781,351,1027
780,360,1026
774,360,1037
775,351,1038
782,360,1032
783,351,1033
772,357,1040
773,348,1041
781,348,1036
780,357,1035
819,309,747
826,309,741
819,305,747
826,302,744
826,305,741
827,309,744
826,309,747
827,305,744
818,309,744
819,305,741
819,309,741
825,302,746
819,302,744
818,305,744
820,312,746
819,312,744
825,312,741
822,312,747
822,312,744
826,312,744
825,312,746
822,302,744
822,302,740
825,302,741
820,302,746
820,312,741
822,309,739
826,305,747
822,302,747
820,302,741
822,309,748
822,312,740
822,305,748
822,305,739
823,312,744
823,314,744
822,312,744
823,312,743
823,314,743
822,314,744
822,315,744
823,315,743
822,316,744
823,315,744
823,316,743
822,317,744
823,317,743
823,316,744
823,317,744
815,302,744
817,302,738
817,302,749
819,301,752
814,301,747
816,301,750
814,301,744
814,301,740
816,301,737
819,301,735
822,301,735
822,302,736
826,301,735
829,301,737
831,301,740
831,301,744
830,302,744
828,302,749
831,301,747
829,301,750
826,301,752
822,301,753
822,302,751
822,302,744
828,302,738
783,319,910
783,319,907
783,322,907
780,314,905
787,321,905
787,314,905
780,321,912
787,314,912
780,314,912
787,321,912
780,321,905
781,319,908
785,319,908
783,322,910
781,322,908
785,322,908
780,326,908
783,326,911
783,322,905
781,324,908
779,323,908
783,324,910
783,323,912
785,324,908
788,323,908
783,324,907
780,327,908
783,329,911
787,326,908
783,329,905
783,326,905
780,330,906
781,331,908
786,330,910
783,331,907
786,330,906
782,333,908
782,331,908
783,332,910
785,331,908
785,333,908
783,334,905
783,333,907
786,334,908
785,334,906
786,339,907
786,336,905
784,337,904
781,334,906
782,337,904
781,336,905
781,339,905
783,340,907
783,339,905
785,339,905
784,335,903
783,335,903
783,336,903
784,336,903
784,335,904
782,335,904
783,333,910
785,334,910
781,334,908
781,334,910
783,334,911
783,336,911
786,336,910
785,339,909
787,338,908
786,338,910
783,338,912
783,339,910
781,339,909
781,339,907
788,334,908
783,335,913
780,334,911
780,335,911
778,335,909
779,334,908
779,338,908
780,338,910
789,335,909
787,335,911
787,336,908
780,336,908
781,336,910
787,334,911
783,334,913
780,329,906
778,330,908
781,328,908
780,330,910
779,328,907
777,329,908
778,328,910
780,329,910
780,327,908
778,327,907
780,326,908
777,328,908
778,327,910
775,321,905
777,324,905
777,323,903
776,322,906
778,322,903
777,321,905
777,323,906
774,322,905
776,324,906
776,324,905
775,324,902
776,321,903
787,329,906
786,328,908
787,327,908
786,331,908
787,329,910
788,328,907
788,330,908
787,327,908
787,326,908
790,329,908
788,328,910
792,325,905
789,327,910
789,325,904
788,327,907
790,328,908
791,324,907
791,324,906
790,323,906
790,324,905
788,323,906
791,324,902
791,324,905
793,322,905
791,322,906
790,321,905
789,322,903
789,323,903
792,321,905
791,321,903
763,360,972
763,358,972
765,360,970
767,360,972
766,360,974
761,353,969
769,353,975
768,353,968
761,360,969
762,353,976
769,360,975
768,360,968
762,360,976
766,358,974
767,358,972
765,358,970
767,363,972
766,365,975
770,361,971
765,365,969
760,361,973
765,363,970
763,363,972
766,363,974
766,361,975
765,361,969
769,365,971
768,366,971
762,365,973
763,369,974
766,370,974
766,368,975
764,370,972
765,367,969
762,369,971
762,366,973
765,370,970
765,372,973
767,370,972
767,372,969
765,371,970
764,372,972
768,373,971
769,375,971
765,374,967
765,372,969
767,377,969
767,375,968
763,372,970
762,375,969
763,377,970
765,377,969
765,374,967
763,374,968
763,374,967
763,375,968
763,375,967
765,375,966
765,375,967
766,373,974
767,372,972
763,375,974
763,373,972
764,373,974
766,375,975
767,373,973
761,375,972
768,378,971
764,378,973
765,379,971
769,376,971
767,378,973
766,377,975
766,378,974
763,376,975
762,378,972
770,374,971
769,373,974
762,374,976
762,373,976
760,374,973
761,376,973
766,374,977
769,374,974
769,376,974
770,372,971
760,372,972
768,375,974
766,373,976
762,370,972
760,369,973
763,367,972
759,367,973
761,368,971
762,368,974
760,366,971
760,367,971
762,365,973
760,365,974
761,366,974
759,367,973
762,365,973
760,362,970
758,362,972
757,363,970
758,364,969
757,364,971
758,363,970
758,360,971
758,362,971
759,361,968
759,360,970
756,359,970
757,363,971
756,361,971
757,360,968
756,363,968
758,362,968
769,368,970
770,369,971
768,370,971
768,369,970
767,367,972
769,369,973
769,368,973
770,366,973
770,367,969
771,367,971
769,365,971
771,366,972
772,362,970
769,365,971
770,366,969
772,367,970
773,364,968
770,364,967
772,363,967
769,362,969
771,363,968
770,361,966
772,363,965
770,362,966
774,361,967
773,363,968
772,360,968
771,360,968
772,362,969
772,360,965
773,359,967
809,437,1064
748,382,1083
809,382,1064
809,437,1064
748,437,1083
748,382,1083
813,380,446
752,380,426
813,434,446
752,380,426
752,434,426
813,434,446
1021,314,766
1021,518,766
1021,314,848
1021,518,766
1021,518,848
1021,314,848
1021,314,659
1021,518,659
1021,314,740
1021,518,659
1021,518,740
1021,314,740
1024,505,753
1018,505,753
1024,446,753
1018,505,753
1018,446,753
1024,446,753
1024,446,753
1018,446,753
1024,387,753
1018,446,753
1018,387,753
1024,387,753
1024,387,753
1018,387,753
1024,327,753
1018,387,753
1018,327,753
1024,327,753
1024,327,780
1018,327,780
1018,387,780
1018,446,780
1024,505,780
1018,314,780
1018,314,834
1024,518,834
1018,518,834
1018,518,807
1018,518,780
1024,518,807
1024,387,848
1024,327,848
1018,446,848
1018,387,848
1024,446,848
1018,505,848
1024,387,861
1018,387,861
1024,446,861
1018,446,861
1018,505,861
1018,327,766
1018,327,753
1018,387,753
1018,446,753
1018,446,766
1018,505,753
1024,387,753
1024,327,753
1024,446,766
1024,505,753
1024,446,753
1024,505,766
1014,301,861
1014,327,780
1014,505,861
1014,505,834
1028,327,834
1028,301,780
1028,327,753
1028,531,753
1028,531,780
1028,505,861
1024,387,780
1024,327,766
1024,387,766
1024,446,780
1018,387,766
1018,505,780
1018,505,766
1018,327,861
1018,327,848
1018,301,834
1018,301,807
1018,314,807
1018,301,780
1018,531,780
1018,531,834
1018,531,807
1024,327,861
1024,505,848
1024,505,861
1024,301,834
1024,314,834
1024,301,780
1024,301,807
1024,314,780
1024,314,807
1024,531,834
1024,531,780
1024,518,780
1024,531,807
1028,327,861
1014,327,861
1028,301,861
1014,327,834
1014,301,834
1028,301,834
1028,327,780
1014,301,780
1014,327,753
1014,301,753
1028,301,753
1028,505,780
1014,505,780
1014,531,780
1014,505,753
1014,531,753
1028,505,753
1028,505,834
1028,531,834
1014,531,834
1028,531,861
1014,531,861
1024,327,753
1018,327,753
1024,387,753
1018,327,753
1018,387,753
1024,387,753
1024,387,753
1018,387,753
1024,446,753
1018,387,753
1018,446,753
1024,446,753
1024,446,753
1018,446,753
1024,505,753
1018,446,753
1018,505,753
1024,505,753
1014,531,645
1014,505,672
1014,531,672
1028,531,672
1028,505,645
1014,505,645
1028,505,672
1028,505,753
1028,531,753
1014,505,753
1014,531,753
1014,531,726
1014,505,726
1028,301,753
1014,301,753
1014,327,726
1028,301,726
1014,301,726
1028,327,753
1028,327,726
1028,301,672
1014,301,672
1014,301,645
1028,327,672
1014,327,645
1024,446,753
1024,505,753
1024,387,753
1024,387,740
1024,327,740
1024,327,753
1018,505,753
1018,446,753
1018,446,740
1018,387,753
1018,327,753
1018,387,740
1028,531,645
1028,531,726
1028,505,726
1028,327,645
1028,301,645
1014,327,753
1014,327,672
1024,518,726
1018,518,672
1018,518,700
1024,314,672
1024,505,726
1024,446,726
1018,387,726
1024,327,726
1024,505,645
1018,387,645
1024,327,645
1024,505,659
1018,387,659
1024,327,659
1018,314,672
1024,314,700
1018,505,726
1018,446,726
1018,505,740
1018,327,726
1018,327,740
1024,446,740
1024,505,740
1024,387,726
1024,446,645
1024,446,659
1024,387,645
1024,387,659
1024,531,700
1024,531,726
1024,518,700
1024,531,672
1024,518,672
1024,314,726
1024,301,700
1024,301,726
1024,301,672
1018,531,672
1018,518,726
1018,531,700
1018,531,726
1018,301,726
1018,314,726
1018,301,700
1018,301,672
1018,314,700
1018,327,645
1018,327,659
1018,446,659
1018,446,645
1018,505,645
1018,505,659
1192,741,750
1191,732,760
1191,732,750
1192,741,760
1191,732,760
1192,741,750
1201,740,750
1201,731,760
1202,740,760
1200,731,750
1201,731,760
1201,740,750
1201,731,760
1192,741,760
1202,740,760
1191,732,760
1192,741,760
1201,731,760
1200,731,750
1192,741,750
1191,732,750
1201,740,750
1192,741,750
1200,731,750
1191,732,760
1200,731,750
1191,732,750
1201,731,760
1200,731,750
1191,732,760
1193,739,751
1201,738,751
1193,739,759
1193,739,759
1201,738,751
1201,738,759
1202,740,760
1201,738,759
1201,740,750
1201,738,759
1201,738,751
1201,740,750
1201,740,750
1201,738,751
1192,741,750
1201,738,751
1193,739,751
1192,741,750
1192,741,750
1193,739,751
1192,741,760
1193,739,751
1193,739,759
1192,741,760
1192,741,760
1193,739,759
1202,740,760
1193,739,759
1201,738,759
1202,740,760
1192,741,760
1192,742,760
1202,740,760
1202,741,760
1202,740,760
1192,742,760
1192,741,760
1192,741,750
1192,742,750
1192,741,760
1192,742,750
1192,742,760
1201,740,750
1202,741,750
1192,742,750
1192,741,750
1201,740,750
1192,742,750
1202,740,760
1202,741,760
1202,741,750
1202,740,760
1202,741,750
1201,740,750
1192,742,760
1192,742,750
1202,741,760
1202,741,760
1192,742,750
1202,741,750
1202,740,760
1192,741,750
1192,741,760
1201,740,750
1192,741,750
1202,740,760
768,301,969
768,301,975
763,301,975
763,301,969
776,301,901
791,301,901
776,301,916
791,301,916
793,298,407
793,298,407
793,298,407
793,298,407
793,298,407
793,298,407
786,298,428
786,298,428
786,298,428
786,298,428
786,298,428
786,298,428
1194,301,754
1194,301,754
1194,301,754
1194,301,754
1194,301,754
1194,301,754
831,302,736
831,302,752
814,302,752
814,302,736
faces,,
material_0,,
2,3,4
2,1,3
,,
material_1,,
7,6,5
7,8,6
,,
material_2,,
13,14,20
13,20,19
10,15,17
10,17,11
14,11,17
14,17,20
12,13,19
12,19,18
12,18,16
12,16,9
9,16,15
9,15,10
22,29,31
22,31,28
19,20,30
19,30,29
22,28,26
22,26,23
18,19,29
18,29,22
18,22,23
18,23,16
16,23,24
16,24,15
24,25,27
24,27,21
29,30,32
29,32,31
30,21,27
30,27,32
20,17,21
20,21,30
15,24,21
15,21,17
23,26,25
23,25,24
41,44,38
41,38,40
45,35,44
45,44,48
35,33,38
35,38,44
36,34,33
36,33,35
50,48,44
50,44,41
42,41,40
42,40,39
53,47,46
53,46,52
43,37,34
43,34,36
51,45,48
51,48,54
46,36,35
46,35,45
47,43,36
47,36,46
49,50,41
49,41,42
53,56,49
53,49,47
52,46,45
52,45,51
56,55,50
56,50,49
43,42,39
43,39,37
47,49,42
47,42,43
55,54,48
55,48,50
28,31,32
28,32,27
28,27,25
28,25,26
38,33,34
38,34,37
38,37,39
38,39,40
59,57,58
60,61,58
60,58,57
59,58,62
63,61,60
63,64,61
67,66,65
68,65,66
68,66,69
67,70,66
71,68,69
71,69,72
77,74,73
73,74,75
73,75,76
76,75,78
76,78,79
79,78,80
83,81,82
84,85,82
84,82,81
83,82,86
87,85,84
87,88,85
91,90,89
92,89,90
92,90,93
91,94,90
95,92,93
95,93,96
102,103,98
102,98,100
102,104,103
98,103,97
98,101,100
100,99,102
107,105,106
108,109,106
108,106,105
107,106,110
111,109,108
111,112,109
115,114,113
116,113,114
116,114,117
115,118,114
119,116,117
119,117,120
123,121,122
124,125,122
124,122,121
123,122,126
127,125,124
127,128,125
131,130,129
132,129,130
132,130,133
131,134,130
135,132,133
135,133,136
,,
material_3,,
139,138,137
142,141,140
145,144,143
148,147,146
151,150,149
154,153,152
157,156,155
160,159,158
163,162,161
166,165,164
169,168,167
172,171,170
175,174,173
178,177,176
181,180,179
184,183,182
187,186,185
190,189,188
193,192,191
196,195,194
199,198,197
202,201,200
205,204,203
208,207,206
,,
material_2,,
222,220,221
222,221,241
221,220,223
221,223,239
225,227,224
225,224,230
225,226,227
225,231,226
261,259,260
261,260,268
260,259,262
260,262,267
300,222,241
300,241,213
328,261,268
328,268,335
287,379,382
287,285,379
287,279,290
300,213,309
343,340,274
343,274,277
368,370,314
368,314,312
309,294,310
300,309,310
287,290,285
309,215,294
283,314,280
283,312,314
308,274,297
307,303,306
307,306,305
308,277,274
328,327,326
328,335,327
327,329,326
327,334,329
347,345,370
347,370,368
366,356,340
365,364,361
365,363,364
366,340,343
307,305,363
307,363,365
372,373,226
372,226,231
380,379,381
380,382,379
372,380,381
372,381,373
228,234,220
228,220,222
220,234,229
220,229,223
236,225,230
236,230,235
236,231,225
236,232,231
263,265,259
263,259,261
259,265,264
259,264,262
284,228,222
284,222,300
400,396,395
400,395,401
217,279,287
217,382,383
217,287,382
284,310,219
217,218,279
310,281,219
369,368,312
369,312,313
310,294,281
284,300,310
282,312,283
282,313,312
342,343,277
342,277,276
299,303,307
304,277,308
299,302,303
304,276,277
330,326,332
330,328,326
326,331,332
326,329,331
346,347,368
346,368,369
358,365,361
362,366,343
358,361,360
362,343,342
299,307,365
299,365,358
374,372,231
374,231,232
384,382,380
384,383,382
374,384,380
374,380,372
241,221,250
241,250,252
250,221,239
250,239,238
247,243,245
247,245,242
245,243,244
245,244,240
243,258,244
243,246,258
243,247,248
243,248,246
268,260,269
268,269,270
269,260,267
269,267,266
335,268,270
335,270,337
280,315,278
340,367,311
340,311,274
295,291,293
370,371,315
370,315,314
280,314,315
297,274,311
292,295,273
297,311,288
292,273,296
295,292,291
213,317,309
213,319,317
317,215,309
317,216,215
386,210,212
386,392,210
210,211,212
210,214,211
212,211,325
212,325,209
212,391,386
212,209,391
335,336,327
335,337,336
336,334,327
336,333,334
345,344,371
354,353,351
345,371,370
356,367,340
352,339,354
356,349,367
352,355,339
354,351,352
273,295,354
273,354,339
295,293,353
295,353,354
376,375,247
376,247,242
375,248,247
375,377,248
387,386,385
387,392,386
385,386,391
385,391,388
376,387,385
376,385,375
375,385,388
375,388,377
394,393,242
394,242,392
213,241,398
213,398,402
252,250,253
252,253,251
253,250,238
253,238,254
242,245,255
242,255,233
255,245,240
255,240,249
246,256,257
246,257,258
246,237,256
246,248,237
392,242,233
392,233,271
402,398,397
402,397,399
296,275,301
339,341,275
339,275,273
288,272,289
293,291,298
367,338,272
367,272,311
288,311,272
296,273,275
293,298,286
319,320,317
319,318,320
320,216,317
320,321,216
392,322,210
392,271,322
322,214,210
322,316,214
209,324,323
209,325,324
209,323,390
209,390,391
355,359,341
349,350,338
353,357,351
349,338,367
355,341,339
353,348,357
293,286,348
293,348,353
377,378,237
377,237,248
388,390,389
388,391,390
389,378,377
389,377,388
233,255,234
233,234,228
234,255,249
234,249,229
256,236,235
256,235,257
256,232,236
256,237,232
251,253,265
251,265,263
265,253,254
265,254,264
271,233,228
271,228,284
399,397,396
399,396,400
219,281,316
219,316,322
271,219,322
323,218,217
323,324,218
271,284,219
289,313,282
341,342,276
341,276,275
289,272,313
301,275,276
338,369,313
338,313,272
286,302,299
301,276,304
286,298,302
323,217,383
323,383,390
318,332,320
318,330,332
332,321,320
332,331,321
350,346,369
350,369,338
359,342,341
348,358,360
359,362,342
348,360,357
286,299,358
286,358,348
378,374,232
378,232,237
389,383,384
389,390,383
378,389,384
378,384,374
,,
material_4,,
424,425,423
424,426,425
411,426,424
411,412,426
465,427,463
465,413,427
463,427,428
463,428,462
431,429,432
431,430,429
432,429,434
432,434,433
436,435,467
436,437,435
450,437,436
450,422,437
443,408,410
443,409,408
410,408,412
410,412,411
446,413,465
446,414,413
448,414,446
448,415,414
416,430,431
416,417,430
418,417,416
418,451,417
452,419,421
452,420,419
421,419,422
421,422,450
,,
material_5,,
439,438,454
439,440,438
442,440,439
442,441,440
444,410,445
444,443,410
445,410,411
445,411,460
447,446,449
447,448,446
449,446,465
449,465,466
417,450,430
417,421,450
451,421,417
451,452,421
,,
material_6,,
454,453,455
454,438,453
455,453,457
455,457,456
459,423,458
459,424,423
460,424,459
460,411,424
464,462,461
464,463,462
466,463,464
466,465,463
430,436,429
430,450,436
429,436,467
429,467,434
,,
material_7,,
479,405,487
479,483,405
407,491,492
407,406,491
,,
material_8,,
468,492,489
468,407,492
471,470,469
471,476,470
473,403,472
473,404,403
470,404,474
470,474,475
477,403,476
477,478,403
480,483,479
480,481,483
484,483,482
484,405,483
487,405,485
487,485,486
468,406,407
468,488,406
492,490,489
492,491,490
,,
material_9,,
503,502,501
503,504,502
505,504,503
505,496,504
512,510,506
512,506,507
511,510,512
511,498,510
524,525,523
524,526,525
518,526,524
518,517,526
528,529,530
528,527,529
530,529,532
530,532,531
534,535,533
534,547,535
533,539,538
540,549,541
542,543,544
533,535,539
540,541,542
542,541,543
,,
material_10,,
495,493,497
495,494,493
497,493,496
497,496,505
508,499,498
509,499,508
509,500,499
508,498,511
514,515,513
514,516,515
513,515,517
513,517,518
519,527,528
519,520,527
522,520,519
522,521,520
537,547,534
536,545,546
536,546,537
537,546,547
548,549,540
550,551,552
548,552,549
550,552,548
,,
material_11,,
555,554,553
558,557,556
561,560,559
564,563,562
567,566,565
570,569,568
573,572,571
576,575,574
579,578,577
582,581,580
584,583,585
584,585,586
,,
material_2,,
607,606,616
607,616,619
603,604,615
603,615,618
610,609,621
610,621,622
606,605,617
606,617,616
604,607,619
604,619,615
609,603,618
609,618,621
605,608,620
605,620,617
608,610,622
608,622,620
677,671,672
677,672,669
677,669,625
677,625,611
611,625,642
611,642,641
611,641,644
611,644,614
669,648,613
669,613,609
669,609,610
669,610,625
628,630,613
613,630,639
613,639,609
609,639,633
609,633,624
624,633,632
623,629,628
623,628,613
623,613,612
643,625,637
637,625,610
637,610,638
638,610,608
638,608,605
645,640,614
614,640,635
614,635,606
606,635,636
606,636,605
605,636,638
645,614,644
625,643,642
632,634,604
604,634,631
604,631,607
607,631,673
607,673,675
675,673,676
603,609,624
603,624,632
603,632,604
675,614,606
675,606,607
673,631,678
676,673,674
626,588,591
626,591,628
626,628,629
636,595,598
636,598,638
634,587,589
634,589,631
635,597,595
635,595,636
637,601,602
637,602,643
638,598,601
638,601,637
631,589,592
631,592,627
628,591,594
628,594,630
630,594,593
630,593,639
643,602,599
643,599,641
643,641,642
645,596,600
645,600,640
639,593,590
639,590,633
633,590,587
633,587,634
633,634,632
627,592,588
627,588,626
641,599,596
641,596,645
641,645,644
640,600,597
640,597,635
612,613,647
612,647,646
614,675,681
614,681,679
614,679,682
614,682,612
613,648,665
613,665,667
613,667,611
665,650,653
665,653,666
665,666,667
674,657,660
674,660,676
672,649,651
672,651,669
673,659,657
673,657,674
675,663,664
675,664,681
676,660,663
676,663,675
669,651,654
669,654,648
666,653,656
666,656,668
668,656,655
668,655,677
681,664,661
681,661,679
681,679,680
683,658,662
683,662,678
677,655,652
677,652,671
671,652,649
671,649,672
671,672,670
648,654,650
648,650,665
679,661,658
679,658,683
679,683,682
678,662,659
678,659,673
611,667,666
611,666,668
611,668,677
612,682,683
612,683,678
612,678,631
612,631,627
612,627,626
612,626,629
612,629,623
,,
material_12,,
686,684,685
689,688,687
,,
material_13,,
701,698,699
701,700,699
,,
material_12,,
692,691,690
692,693,690
,,
material_14,,
695,694,696
695,697,696
,,
material_15,,
705,703,702
705,704,702
,,
material_16,,
707,706,708
707,709,708
,,
material_17,,
713,711,710
713,712,710
,,
material_18,,
715,714,716
715,717,716
,,
material_19,,
721,718,719
721,720,719
,,
material_20,,
723,722,724
723,725,724
,,
material_21,,
729,727,726
729,728,726
,,
material_22,,
732,731,730
732,733,730
,,
material_23,,
736,735,734
736,737,734
,,
material_24,,
739,738,740
739,741,740
,,
material_25,,
745,743,742
745,744,742
,,
material_26,,
749,747,746
749,748,746
,,
material_27,,
757,755,754
757,756,754
,,
material_28,,
753,750,751
753,752,751
760,759,758
760,761,758
,,
material_29,,
764,763,762
764,765,762
,,
material_30,,
767,766,768
767,769,768
,,
material_31,,
773,770,771
773,772,771
,,
material_32,,
777,775,774
777,776,774
,,
material_33,,
781,779,778
781,780,778
,,
material_34,,
785,783,782
785,784,782
,,
material_35,,
789,787,786
789,788,786
,,
material_12,,
793,791,790
793,792,790
,,
material_36,,
797,795,794
797,796,794
,,
material_37,,
800,799,798
800,801,798
,,
material_38,,
805,803,802
805,804,802
,,
material_39,,
808,807,806
808,809,806
,,
material_10,,
858,855,852
855,858,856
855,856,854
858,852,857
856,858,857
855,854,852
856,857,854
,,
material_40,,
827,810,840
827,824,810
841,811,836
841,826,811
840,812,842
840,810,812
836,814,843
836,811,814
842,834,838
842,812,834
843,833,832
843,814,833
,,
material_10,,
824,818,810
824,825,818
826,815,811
826,829,815
810,823,812
810,818,823
811,817,814
811,815,817
812,822,834
812,823,822
814,813,833
814,817,813
,,
material_41,,
829,816,815
829,830,816
825,820,818
825,835,820
815,837,817
815,816,837
818,819,823
818,820,819
817,821,813
817,837,821
823,839,822
823,819,839
825,824,828
827,828,824
841,835,828
835,825,828
829,826,828
826,841,828
827,830,828
830,829,828
821,831,813
838,831,821
833,831,832
813,831,833
822,839,831
839,832,831
838,834,831
834,822,831
830,840,816
830,827,840
835,836,820
835,841,836
816,842,837
816,840,842
820,843,819
820,836,843
837,838,821
837,842,838
819,832,839
819,843,832
845,846,844
845,849,846
849,847,846
849,848,847
848,844,847
848,845,844
853,849,845
853,850,849
850,848,849
850,851,848
851,845,848
851,853,845
857,850,853
857,852,850
852,851,850
852,854,851
854,853,851
854,857,853
,,
material_3,,
876,875,882
876,882,881
883,870,882
875,883,882
882,859,861
882,861,881
860,859,882
870,860,882
862,880,881
861,862,881
859,863,861
861,864,862
859,865,863
863,864,861
866,865,859
860,866,859
870,868,860
860,867,866
868,867,860
870,869,868
871,869,870
883,871,870
875,873,883
883,872,871
875,874,873
873,872,883
877,874,875
876,877,875
881,879,876
876,878,877
881,880,879
879,878,876
,,
material_42,,
948,947,920
945,948,920
946,949,945
949,948,945
927,946,924
924,946,945
971,970,947
948,971,947
949,971,948
949,950,971
946,950,949
946,951,950
927,969,951
927,951,946
970,965,958
929,953,969
956,952,936
952,929,936
958,957,936
957,956,936
952,953,929
952,954,953
956,954,952
956,955,954
957,955,956
957,966,955
958,966,957
958,965,966
968,959,967
968,972,959
960,972,968
960,973,972
962,973,960
962,961,973
963,961,962
963,964,961
970,963,965
970,964,963
963,966,965
963,962,966
962,955,966
962,960,955
960,954,955
960,968,954
968,953,954
968,967,953
967,969,953
967,959,969
971,964,970
971,961,964
950,961,971
950,973,961
972,950,951
972,973,950
972,969,959
972,951,969
,,
material_3,,
898,884,897
898,895,884
886,895,898
886,885,895
899,885,886
899,896,885
897,896,899
897,884,896
887,894,888
887,888,889
892,889,891
892,887,889
889,893,891
889,888,893
891,890,892
891,893,890
892,894,887
892,890,894
,,
material_43,,
888,896,893
894,885,888
885,896,888
890,895,894
895,885,894
893,884,890
890,884,895
884,895,885
893,896,884
884,885,896
,,
material_3,,
903,897,905
903,898,897
909,898,903
909,886,898
907,886,909
907,899,886
905,899,907
905,897,899
906,900,904
906,901,900
908,901,906
908,912,901
902,912,908
902,914,912
904,914,902
904,900,914
,,
material_12,,
903,902,909
903,904,902
905,904,903
905,906,904
907,906,905
907,908,906
909,908,907
909,902,908
907,903,909
907,905,903
,,
material_3,,
901,910,900
901,911,910
912,911,901
912,1001,911
914,913,1001
914,1001,912
910,913,914
900,910,914
915,916,918
913,915,918
977,911,922
916,977,922
917,1002,922
911,917,922
1001,917,911
911,977,910
916,922,921
916,921,918
923,922,1002
918,923,1002
919,913,918
919,918,1002
919,1001,913
910,915,913
,,
material_44,,
921,920,926
921,926,918
922,945,920
922,920,921
924,945,922
923,924,922
926,924,923
918,926,923
,,
material_3,,
928,927,924
926,928,924
932,925,926
925,928,926
947,932,920
920,932,926
928,969,927
928,930,969
930,929,969
930,938,929
943,930,928
925,943,928
931,937,938
931,938,930
932,934,944
932,944,925
935,937,933
934,935,933
947,934,932
947,970,934
970,935,934
970,958,935
937,935,936
935,958,936
929,938,936
938,937,936
939,941,942
939,940,941
944,939,943
944,940,939
933,940,944
933,941,940
931,941,933
931,942,941
943,942,931
943,939,942
943,931,930
933,937,931
934,933,944
925,944,943
,,
material_45,,
974,916,915
974,975,916
910,974,915
910,976,974
975,977,916
975,981,977
977,976,910
977,981,976
,,
material_3,,
974,979,975
974,978,979
976,978,974
976,982,978
981,979,980
981,975,979
982,981,980
982,976,981
978,985,979
978,983,985
982,983,978
982,984,983
980,984,982
980,986,984
985,980,979
985,986,980
,,
material_46,,
991,987,998
991,992,987
993,989,988
993,990,989
990,991,989
990,992,991
995,990,993
995,994,990
994,992,990
994,987,992
996,994,995
996,997,994
997,987,994
997,998,987
989,997,996
988,989,996
991,998,997
989,991,997
,,
material_3,,
919,1005,999
919,1002,1005
1000,919,999
1000,1001,919
1001,1003,917
1001,1000,1003
1003,1002,917
1003,1005,1002
1003,1008,1005
1003,1009,1008
1000,1009,1003
1000,1006,1009
999,1006,1000
999,1004,1006
1005,1004,999
1005,1008,1004
1004,1014,1013
1004,1008,1014
1007,1004,1013
1007,1006,1004
1008,1011,1014
1008,1009,1011
1011,1006,1007
1011,1009,1006
1011,1010,1014
1011,1015,1010
1007,1015,1011
1007,1019,1015
1013,1019,1007
1013,1012,1019
1014,1012,1013
1014,1010,1012
1010,1016,1021
1010,1021,1012
1015,1017,1016
1015,1016,1010
1019,1018,1017
1019,1017,1015
1012,1021,1018
1012,1018,1019
,,
material_47,,
1020,1025,1026
1020,1028,1025
1021,1026,1018
1021,1020,1026
1022,1028,1020
1022,1027,1028
1016,1020,1021
1016,1022,1020
1023,1027,1022
1023,1024,1027
1017,1022,1016
1017,1023,1022
1026,1024,1023
1026,1025,1024
1018,1023,1017
1018,1026,1023
1028,1024,1025
1028,1027,1024
,,
material_3,,
1063,1118,1065
1062,1063,1065
1058,1060,1059
1118,1058,1059
1152,1149,1059
1060,1152,1059
1056,1152,1060
1060,1058,1064
1118,1059,1061
1118,1061,1065
1067,1059,1149
1065,1067,1149
1150,1062,1065
1150,1065,1149
1150,1056,1062
1064,1063,1062
1029,1042,1033
1029,1030,1042
1031,1030,1029
1031,1044,1030
1032,1044,1031
1032,1043,1044
1033,1043,1032
1033,1042,1043
1034,1037,1040
1034,1040,1036
1038,1036,1035
1038,1034,1036
1036,1039,1035
1036,1040,1039
1035,1041,1038
1035,1039,1041
1038,1037,1034
1038,1041,1037
,,
material_43,,
1040,1043,1039
1037,1044,1040
1044,1043,1040
1041,1030,1037
1030,1044,1037
1039,1042,1041
1041,1042,1030
1042,1030,1044
1039,1043,1042
1042,1044,1043
,,
material_3,,
1051,1033,1052
1051,1029,1033
1050,1029,1051
1050,1031,1029
1045,1031,1050
1045,1032,1031
1052,1032,1045
1052,1033,1032
1053,1057,1049
1053,1046,1057
1047,1046,1053
1047,1055,1046
1054,1055,1047
1054,1048,1055
1049,1048,1054
1049,1057,1048
,,
material_12,,
1051,1054,1050
1051,1049,1054
1052,1049,1051
1052,1053,1049
1045,1053,1052
1045,1047,1053
1050,1047,1045
1050,1054,1047
1045,1051,1050
1045,1052,1051
,,
material_3,,
1046,1064,1057
1046,1060,1064
1055,1060,1046
1055,1056,1060
1048,1062,1056
1048,1056,1055
1064,1062,1048
1057,1064,1048
,,
material_44,,
1061,1070,1069
1061,1069,1065
1059,1066,1070
1059,1070,1061
1089,1066,1059
1067,1089,1059
1069,1089,1067
1065,1069,1067
,,
material_3,,
1068,1071,1089
1069,1068,1089
1077,1074,1069
1074,1068,1069
1091,1077,1070
1070,1077,1069
1068,1072,1071
1068,1076,1072
1076,1096,1072
1076,1075,1096
1073,1076,1068
1074,1073,1068
1087,1080,1075
1087,1075,1076
1077,1078,1082
1077,1082,1074
1079,1080,1084
1078,1079,1084
1091,1078,1077
1091,1095,1078
1095,1079,1078
1095,1104,1079
1080,1079,1098
1079,1104,1098
1096,1075,1098
1075,1080,1098
1081,1085,1086
1081,1083,1085
1082,1081,1073
1082,1083,1081
1084,1083,1082
1084,1085,1083
1087,1085,1084
1087,1086,1085
1073,1086,1087
1073,1081,1086
1073,1087,1076
1084,1080,1087
1078,1084,1082
1074,1082,1073
,,
material_42,,
1092,1091,1070
1066,1092,1070
1094,1088,1066
1088,1092,1066
1071,1094,1089
1089,1094,1066
1090,1095,1091
1092,1090,1091
1088,1090,1092
1088,1093,1090
1094,1093,1088
1094,1116,1093
1071,1072,1116
1071,1116,1094
1095,1110,1104
1096,1099,1072
1102,1100,1098
1100,1096,1098
1104,1097,1098
1097,1102,1098
1100,1099,1096
1100,1113,1099
1102,1113,1100
1102,1101,1113
1097,1101,1102
1097,1103,1101
1104,1103,1097
1104,1110,1103
1112,1114,1105
1112,1106,1114
1111,1106,1112
1111,1117,1106
1107,1117,1111
1107,1108,1117
1109,1108,1107
1109,1115,1108
1095,1109,1110
1095,1115,1109
1109,1103,1110
1109,1107,1103
1107,1101,1103
1107,1111,1101
1111,1113,1101
1111,1112,1113
1112,1099,1113
1112,1105,1099
1105,1072,1099
1105,1114,1072
1090,1115,1095
1090,1108,1115
1093,1108,1090
1093,1117,1108
1106,1093,1116
1106,1117,1093
1106,1072,1114
1106,1116,1072
,,
material_45,,
1122,1118,1063
1122,1119,1118
1064,1122,1063
1064,1120,1122
1119,1058,1118
1119,1123,1058
1058,1120,1064
1058,1123,1120
,,
material_3,,
1122,1121,1119
1122,1125,1121
1120,1125,1122
1120,1126,1125
1123,1121,1128
1123,1119,1121
1126,1123,1128
1126,1120,1123
1125,1129,1121
1125,1124,1129
1126,1124,1125
1126,1130,1124
1128,1130,1126
1128,1127,1130
1129,1128,1121
1129,1127,1128
1124,1135,1129
1124,1134,1135
1130,1134,1124
1130,1131,1134
1127,1131,1130
1127,1132,1131
1129,1132,1127
1129,1135,1132
1131,1138,1136
1131,1136,1134
1132,1142,1138
1132,1138,1131
1135,1133,1142
1135,1142,1132
1134,1136,1133
1134,1133,1135
,,
material_46,,
1139,1141,1144
1139,1140,1141
1138,1146,1136
1138,1137,1146
1137,1139,1146
1137,1140,1139
1142,1137,1138
1142,1143,1137
1143,1140,1137
1143,1141,1140
1133,1143,1142
1133,1145,1143
1145,1141,1143
1145,1144,1141
1146,1145,1133
1136,1146,1133
1139,1144,1145
1146,1139,1145
,,
material_3,,
1150,1148,1147
1150,1149,1148
1151,1150,1147
1151,1056,1150
1056,1153,1152
1056,1151,1153
1153,1149,1152
1153,1148,1149
1153,1156,1148
1153,1154,1156
1151,1154,1153
1151,1157,1154
1147,1157,1151
1147,1155,1157
1148,1155,1147
1148,1156,1155
1155,1162,1161
1155,1156,1162
1160,1155,1161
1160,1157,1155
1156,1158,1162
1156,1154,1158
1158,1157,1160
1158,1154,1157
1158,1163,1162
1158,1159,1163
1160,1159,1158
1160,1166,1159
1161,1166,1160
1161,1164,1166
1162,1164,1161
1162,1163,1164
1163,1172,1165
1163,1165,1164
1159,1175,1172
1159,1172,1163
1166,1167,1175
1166,1175,1159
1164,1165,1167
1164,1167,1166
,,
material_47,,
1169,1168,1170
1169,1176,1168
1165,1170,1167
1165,1169,1170
1171,1176,1169
1171,1177,1176
1172,1169,1165
1172,1171,1169
1173,1177,1171
1173,1174,1177
1175,1171,1172
1175,1173,1171
1170,1174,1173
1170,1168,1174
1167,1173,1175
1167,1170,1173
1176,1174,1168
1176,1177,1174
,,
material_48,,
1180,1179,1178
1183,1182,1181
,,
material_49,,
1186,1185,1184
1189,1188,1187
,,
material_2,,
1192,1191,1190
1195,1194,1193
1198,1197,1196
1201,1200,1199
,,
material_50,,
1204,1203,1202
1207,1206,1205
1210,1209,1208
1213,1212,1211
1216,1215,1214
1219,1218,1217
,,
material_51,,
1265,1221,1220
1265,1222,1221
1268,1222,1265
1268,1223,1222
1224,1223,1268
1224,1270,1223
1288,1276,1289
1288,1225,1276
1289,1276,1226
1289,1226,1285
1227,1229,1231
1227,1228,1229
1231,1229,1230
1231,1230,1292
1233,1235,1232
1233,1273,1235
1232,1235,1234
1232,1234,1236
1236,1234,1237
1236,1237,1282
1238,1272,1281
1238,1239,1272
1240,1239,1238
1240,1241,1239
1283,1241,1240
1283,1242,1241
1266,1265,1220
1266,1267,1265
1267,1268,1265
1267,1251,1268
1268,1251,1254
1268,1254,1224
1221,1269,1243
1221,1222,1269
1222,1247,1269
1222,1223,1247
1270,1247,1223
1270,1271,1247
1242,1234,1241
1242,1237,1234
1239,1241,1234
1239,1234,1235
1272,1239,1235
1272,1235,1273
1275,1226,1276
1275,1274,1226
1277,1275,1276
1277,1276,1225
1278,1229,1280
1278,1230,1229
1280,1229,1228
1280,1228,1279
1232,1240,1238
1232,1236,1240
1233,1232,1238
1233,1238,1281
1240,1236,1282
1240,1282,1283
1289,1284,1287
1289,1285,1284
1288,1287,1286
1288,1289,1287
1290,1231,1293
1290,1227,1231
1293,1231,1292
1293,1292,1291
,,
material_52,,
1245,1243,1269
1245,1244,1243
1246,1245,1269
1246,1269,1247
1248,1246,1247
1248,1247,1271
1267,1250,1249
1267,1266,1250
1251,1267,1249
1251,1249,1253
1254,1251,1253
1254,1253,1252
,,
material_53,,
1298,1295,1297
1298,1255,1295
1303,1256,1302
1303,1301,1256
1309,1306,1307
1309,1308,1306
1315,1258,1257
1315,1313,1258
1259,1296,1299
1259,1294,1296
1261,1260,1304
1261,1300,1260
1263,1310,1262
1263,1305,1310
1264,1312,1314
1264,1311,1312
1259,1295,1294
1259,1297,1295
1294,1255,1296
1294,1295,1255
1299,1297,1259
1299,1298,1297
1261,1256,1300
1261,1302,1256
1300,1301,1260
1300,1256,1301
1304,1302,1261
1304,1303,1302
1263,1306,1305
1263,1307,1306
1305,1308,1310
1305,1306,1308
1310,1309,1262
1310,1308,1309
1264,1258,1311
1264,1257,1258
1311,1313,1312
1311,1258,1313
1314,1257,1264
1314,1315,1257
,,
material_50,,
1318,1317,1316
1321,1320,1319
1324,1323,1322
1327,1326,1325
1330,1329,1328
1333,1332,1331
,,
material_54,,
1378,1416,1380
1378,1380,1408
1408,1380,1379
1408,1379,1410
1381,1423,1393
1383,1394,1382
1383,1395,1394
1401,1395,1383
1401,1384,1395
1385,1384,1401
1385,1397,1384
1402,1428,1386
1402,1427,1428
1404,1427,1402
1404,1387,1427
1388,1387,1404
1388,1424,1387
1389,1426,1403
1389,1429,1426
1403,1426,1390
1403,1390,1405
1405,1390,1425
1405,1425,1391
1381,1392,1423
1393,1423,1420
1393,1420,1411
,,
material_55,,
1338,1334,1371
1338,1339,1334
1337,1335,1340
1337,1336,1335
1340,1339,1338
1340,1335,1339
1342,1343,1341
1342,1344,1343
1341,1346,1373
1341,1343,1346
1373,1345,1372
1373,1346,1345
1352,1348,1347
1352,1376,1348
1350,1349,1353
1350,1351,1349
1353,1376,1352
1353,1349,1376
1357,1355,1354
1357,1377,1355
1375,1358,1374
1375,1356,1358
1374,1377,1357
1374,1358,1377
,,
material_54,,
1360,1399,1400
1360,1359,1399
1359,1362,1399
1359,1361,1362
1361,1363,1362
1361,1364,1363
1396,1366,1365
1396,1367,1366
1367,1368,1366
1367,1370,1368
1370,1369,1368
1370,1398,1369
1371,1340,1338
1371,1337,1340
1342,1373,1372
1342,1341,1373
1347,1353,1352
1347,1350,1353
1354,1374,1357
1354,1375,1374
1339,1336,1334
1339,1335,1336
1345,1343,1344
1345,1346,1343
1376,1351,1348
1376,1349,1351
1377,1356,1355
1377,1358,1356
,,
material_56,,
1395,1396,1394
1395,1367,1396
1370,1367,1395
1370,1395,1384
1398,1370,1384
1398,1384,1397
1382,1399,1383
1382,1400,1399
1401,1383,1399
1401,1399,1362
1385,1401,1362
1385,1362,1363
1386,1403,1402
1386,1389,1403
1404,1402,1403
1404,1403,1405
1388,1404,1405
1388,1405,1391
1407,1408,1406
1407,1378,1408
1406,1408,1410
1406,1410,1409
1413,1393,1411
1413,1412,1393
1412,1381,1393
1412,1414,1381
1415,1380,1417
1415,1379,1380
1417,1380,1416
1417,1416,1418
1420,1421,1419
1420,1423,1421
1423,1422,1421
1423,1392,1422
1425,1387,1424
1425,1390,1387
1390,1427,1387
1390,1426,1427
1427,1426,1429
1427,1429,1428
,,
material_57,,
1456,1455,1454
1459,1458,1457
1462,1461,1460
1465,1464,1463
1468,1467,1466
1471,1470,1469
1474,1473,1472
1477,1476,1475
1480,1479,1478
1483,1482,1481
1486,1485,1484
1489,1488,1487
,,
material_10,,
1432,1431,1430
1435,1434,1433
1438,1437,1436
1441,1440,1439
,,
material_58,,
1444,1443,1442
1447,1446,1445
1450,1449,1448
1453,1452,1451
1492,1491,1490
1495,1494,1493
1498,1497,1496
1501,1500,1499
1504,1503,1502
1507,1506,1505
1510,1509,1508
1513,1512,1511
,,
material_10,,
1516,1515,1514
1519,1518,1517
,,
material_59,,
1522,1521,1520
1525,1524,1523
,,
material_12,,
1533,1531,1530
1533,1530,1532
1527,1526,1529
1527,1529,1528
1536,1535,1534
1539,1538,1537
1542,1541,1540
1545,1544,1543
1548,1547,1546
1551,1550,1549
1553,1552,1555
1553,1555,1554